"UNIT_ID","FIRE_NAME","ALARM_DATE","CONT_DATE","CAUSE","REPORT_AC","GIS_ACRES","SHAPE_Length","SHAPE_Area"
"Santa Barbara County","DRUM","2020-06","2020/06/17 00:00:00+00","2.0","696.0","695.47058","18011.6201144936","4167186.65348212"
"Santa Barbara County","TWITCHELL","2020-06","2020/06/06 00:00:00+00","1.0","28.0","28.684549","3330.0078902437","173213.107669972"
"Santa Barbara County","BALLARD","2020-10","2020/10/31 00:00:00+00","14.0","17.0","17.29714","2112.36366216319","103688.501840584"
"Santa Barbara County","GAREY","2020-11","2020/12/01 00:00:00+00","2.0","12.0","12.15279","2428.6889848412","73228.830233212"
"Santa Barbara County","HOLLISTER","2020-05","2020/05/10 00:00:00+00","11.0","156.0","157.01781","5267.79834483534","937233.686730198"
"Santa Barbara County","KIRSCHEMANN","2020-05","2020/05/28 00:00:00+00","2.0","29.0","28.75139","1724.02976094512","173394.857356438"
"Santa Barbara County","VIEW","2020-06","2020/06/07 00:00:00+00","11.0","77.0","77.05925","3887.79850999818","461807.961555672"
"Santa Barbara County","GATO","2020-07","2020/07/31 00:00:00+00","14.0","10.0","10.23549","1351.12687393325","61602.990374867"
"Santa Barbara County","LITO","2020-09","2020/09/07 00:00:00+00","9.0","26.0","25.822439","1976.45196414771","154580.936147012"
"Santa Barbara County","DUTARD","2020-11","2020/11/23 00:00:00+00","14.0","14.0","13.63339","1360.38213832814","82188.7317273722"
"Santa Barbara County","CLARK","2020-12","2020/12/16 00:00:00+00","7.0","19.0","18.82918","2217.94200818258","113445.046794125"
"Santa Barbara County","DOLAN","2020-08","2020/12/31 00:00:00+00","14.0","124924.0","124527.31","255261.397082853","772950527.937133"
"Santa Barbara County","COLEMAN","2020-10","2020/11/15 00:00:00+00","14.0","574.0","562.91351","14566.2435185305","3497453.66323624"
"Santa Barbara County","RIDGE","2020-06","2020/06/20 00:00:00+00","10.0","83.0","82.712967","4049.04263833323","511365.798530123"
"Santa Barbara County","GIFFORD ","2020-06","2020/06/10 00:00:00+00","10.0","16.8","16.801912","2249.64929078529","101776.982606988"
"Santa Barbara County","33","2020-05","2020/05/24 00:00:00+00","2.0","33.62","33.667461","3052.42860726468","202790.224835049"
"Santa Barbara County","166","2020-08","2020/08/04 00:00:00+00","14.0","","120.71979","4938.81241733197","728607.069012178"
"Shasta County","HORN","2020-06","2020/06/03 00:00:00+00","14.0","","25.201567","3307.50548939935","178314.522299777"
"Shasta County","LAURA 2","2020-11","2020/11/23 00:00:00+00","14.0","","2729.0164","54526.1905550331","18876446.2516722"
"Shasta County","R-1 MAPES","2020-08","2020/08/13 00:00:00+00","1.0","","258.95712","10098.687357458","1817475.84728987"
"Shasta County","R-3 LITTLE FREDOYNER","2020-07","2020/07/26 00:00:00+00","1.0","","187.34305","6833.52449468374","1319820.99882305"
"Shasta County","R-2 TRUMBULL","2020-06","2020/06/28 00:00:00+00","1.0","","576.65857","15222.4112078433","4040625.44729944"
"Shasta County","R-3 SKEDDADLE","2020-06","2020/06/28 00:00:00+00","1.0","","197.50694","11419.1681781381","1376990.23661306"
"Shasta County","R-5 SNOWSTORM","2020-08","2020/08/18 00:00:00+00","1.0","","471.72025","12670.0493015371","3314899.76911153"
"Shasta County","R-5 DRY","2020-06","2020/06/28 00:00:00+00","1.0","","45.455322","3922.00498124122","316572.431749282"
"Shasta County","R-8 PINECODE","2020-08","2020/08/29 00:00:00+00","1.0","","566.49243","13005.8552290678","4002114.36479838"
"Shasta County","W-4 TERMO","2020-08","0202/08/20 00:00:00+00","1.0","","265.58286","13848.3542871965","1883874.85144638"
"Shasta County","W-5 COLD SPRINGS","2020-08","2020/09/13 00:00:00+00","1.0","","84817.273","218761.343479062","604907699.577407"
"Shasta County","WOOD","2020-02","2020/02/23 00:00:00+00","5.0","","54.357075","2872.64310006035","382484.040000494"
"Shasta County","R-6 TUNNISON","2020-07","2020/07/30 00:00:00+00","1.0","","175.14735","5068.73718757734","1227196.25744304"
"Santa Barbara County","MOCKINGBIRD","2020-06","2020/06/12 00:00:00+00","7.0","9.0","8.8859911","1631.6985451787","52979.1035749781"
"Santa Barbara County","RANCHO","2020-08","2020/08/02 00:00:00+00","11.0","1.5","1.5328448","546.406257628389","9229.66477963017"
"Santa Barbara County","PLASKETT","2020-06","2020/06/06 00:00:00+00","5.0","24.0","1.5009465","374.856733756359","9284.51962066017"
"Shasta County","MASSACRE","2008-07","2008/07/21 00:00:00+00","1.0","17.0","17.4046","2232.87291096609","126466.189635406"
"Santa Barbara County","TEA","2008-11","2008/11/18 00:00:00+00","4.0","1940.0","1946.3419","21231.0650566193","11612480.6878897"
"Santa Barbara County","OWL","2008-08","2008/08/16 00:00:00+00","1.0","18.0","17.971544","1275.95835495049","108426.250823492"
"Santa Barbara County","MANZANITA","2008-08","2008/08/15 00:00:00+00","1.0","53.0","53.1581","2785.57254861648","320490.366883379"
"Santa Barbara County","BUCKHORN","2008-08","2008/08/19 00:00:00+00","1.0","173.0","199.68735","6841.18068316945","1206130.42173546"
"Santa Barbara County","CHALK","2008-09","2008/10/30 00:00:00+00","9.0","11200.0","16265.771","68988.2706835281","100818461.388699"
"Santa Barbara County","HIGHWAY","2009-09","2009/10/03 00:00:00+00","11.0","562.127013442865","562.13","9482.60853079504","3376402.81941035"
"Santa Barbara County","LOCKWOOD","2009-04","2009/04/22 00:00:00+00","9.0","42.0","33.804157","2397.83288440904","203346.341869133"
"Santa Barbara County","SULPHUR","2009-07","2009/07/20 00:00:00+00","9.0","343.0","468.48035","7681.68968053592","2811633.46819647"
"Santa Barbara County","PONDEROSA","2009-08","2009/08/13 00:00:00+00","9.0","458.0","351.24146","6028.12892713417","2175753.64491902"
"Santa Barbara County","LA BREA","2009-08","2009/08/22 00:00:00+00","9.0","91622.0","97815.312","115117.609761201","590394008.943519"
"Santa Barbara County","YELLOWJACKET","2009-11","2009/11/18 00:00:00+00","2.0","15.6","14.715815","1555.43791406493","88360.842890139"
"Shasta County","DODGE","2009-08","2009/08/01 00:00:00+00","1.0","81.5","81.567268","5877.39401331473","579256.568861323"
"Shasta County","MENDIBOUREAU","2009-08","2009/08/01 00:00:00+00","1.0","1500.0","1426.4502","29736.3766710717","10137681.0502138"
"Shasta County","SNOWSTORM","2009-07","2009/08/02 00:00:00+00","1.0","17.6","17.631594","1986.62036448842","124148.026701744"
"Santa Barbara County","JESUSITA","2009-05","2009/05/17 00:00:00+00","2.0","8733.0","8733.9961","49390.5839687003","52134060.8318489"
"Santa Barbara County","PALMER","2009-08","2009/08/13 00:00:00+00","2.0","140.0","139.97726","5143.04185692462","841654.528642032"
"Santa Barbara County","ALISO","2009-05","2009/05/25 00:00:00+00","5.0","350.0","423.25168","6579.80262022419","2553337.93525594"
"Santa Barbara County","BEAR CREEK","2010-10","2010/10/30 00:00:00+00","11.0","1253.0","1219.537","12973.7103820765","7311003.28267206"
"Santa Barbara County","PLASKETT","2010-06","2010/06/22 00:00:00+00","9.0","10.0","9.4526405","1146.90099163962","58440.7820233953"
"Santa Barbara County","WEST","2010-07","2010/07/21 00:00:00+00","2.0","10.0","11.327573","1017.56003183234","67696.2651001233"
"Santa Barbara County","POZO","2010-08","2010/09/07 00:00:00+00","9.0","1152.0","1150.365","21174.2565191743","7010007.27447476"
"Santa Barbara County","FIGUEROA","2010-11","2010/12/02 00:00:00+00","18.0","75.0","74.598015","3585.44836293857","448100.475500043"
"Shasta County","PATTERSON","2010-07","2010/07/06 00:00:00+00","1.0","11.0","10.771226","1421.62933276958","77525.1608718709"
"Shasta County","CONSTANTIA","2010-07","2010/08/12 00:00:00+00","1.0","","1452.9331","21455.5333122029","10013197.3444676"
"Shasta County","MCDONALD","2010-07","2010/08/10 00:00:00+00","1.0","9408.0","9406.0332","87739.3697861456","66786673.6931741"
"Shasta County","COLEMAN","2010-08","2010/08/07 00:00:00+00","1.0","279.0","274.66986","13524.4854424517","2013248.45808754"
"Shasta County","ANNIE","2010-08","2010/08/04 00:00:00+00","1.0","257.0","249.14049","6791.76266925313","1820964.8799154"
"Santa Barbara County","166","2010-07","2010/07/13 00:00:00+00","14.0","357.0","356.93842","7426.53739685468","2155396.33219137"
"Santa Barbara County","ALISO","2011-06","2011/06/13 00:00:00+00","9.0","37.0","35.078632","2158.74269779751","211216.098786446"
"Santa Barbara County","BUCKHORN","2011-09","2011/09/17 00:00:00+00","1.0","63.0","65.540863","2919.48434458509","396602.362636343"
"Santa Barbara County","CIELO","2011-10","2011/10/27 00:00:00+00","9.0","","17.606363","2067.89776601561","105179.955328391"
"Santa Barbara County","FIGUERO","2011-09","2011/09/12 00:00:00+00","2.0","698.0","675.55933","10367.2354709734","4069234.43556183"
"Santa Barbara County","FRAZIER 1","2011-09","2011/09/13 00:00:00+00","1.0","","15.863373","1461.48349449898","95424.0733349768"
"Santa Barbara County","GOAT","2011-09","2011/09/13 00:00:00+00","1.0","102.0","107.00669","3918.60857817067","642197.063576428"
"Santa Barbara County","HURRICANE","2011-09","2011/09/13 00:00:00+00","1.0","105.0","124.80997","4759.48593205193","751195.811466207"
"Santa Barbara County","QUARRY","2011-09","2011/09/14 00:00:00+00","1.0","13.0","13.498419","1306.16761255996","81514.6126484434"
"Santa Barbara County","RANGE","2011-06","2011/06/04 00:00:00+00","9.0","20.7","22.587418","2392.84980289221","135993.503302219"
"Santa Barbara County","SALT","2011-09","2011/09/16 00:00:00+00","1.0","15.0","15.177082","1364.23141423482","91510.6649005284"
"Santa Barbara County","STATION","2011-10","2011/11/01 00:00:00+00","9.0","30.0","24.005936","2217.50021104471","144553.458103733"
"Shasta County","ANNIE","2011-08","2011/08/26 00:00:00+00","14.0","2076.0","2075.7798","18354.24011021","15184435.7352329"
"Shasta County","DEPOT","2011-08","2011/08/18 00:00:00+00","14.0","19.9","19.624916","2006.08683358014","136004.269930431"
"Shasta County","HERLONG","2011-07","2011/07/17 00:00:00+00","14.0","325.0","324.90707","9498.04146776015","2251290.75998655"
"Shasta County","HOG","2011-07","2011/08/05 00:00:00+00","1.0","267.5","267.35284","9469.15721685927","1890640.81388395"
"Shasta County","HOLBROOK 2","2011-09","2011/09/26 00:00:00+00","1.0","85.5","84.093613","5927.0088243223","599853.599397339"
"Santa Barbara County","ALISOS","2011-06","2011/06/30 00:00:00+00","9.0","172.0","171.70363","5470.27841149663","1031682.15566222"
"Santa Barbara County","CANYON","2011-08","2011/08/11 00:00:00+00","2.0","189.0","188.97867","6903.32039456343","1139894.18706951"
"Santa Barbara County","BLUE","2012-08","2012/08/20 00:00:00+00","1.0","27.0","27.259394","2503.27889525294","162871.281173733"
"Santa Barbara County","HILL","2012-06","2012/07/07 00:00:00+00","9.0","689.0","689.67139","9565.81550087119","4140787.12464118"
"Santa Barbara County","LOOKOUT","2012-10","2012/10/27 00:00:00+00","5.0","44.0","43.56773","2065.23273308647","260248.22741411"
"Santa Barbara County","OZENA","2012-06","2012/06/30 00:00:00+00","7.0","328.0","360.8288","9102.91374496725","2164651.06122563"
"Santa Barbara County","ROCK","2012-06","2012/06/13 00:00:00+00","9.0","18.1","17.566517","1712.63214172724","106496.07846456"
"Santa Barbara County","TINTA","2012-06","2012/06/08 00:00:00+00","9.0","48.0","47.173599","4405.49163657952","283148.017157551"
"Santa Barbara County","VALLEY FIRE","2012-09","2012/09/12 00:00:00+00","9.0","65.0","63.831131","3884.84661709119","383025.500216693"
"Santa Barbara County","YELLOWJACKET","2012-03","2012/03/12 00:00:00+00","9.0","10.0","11.427398","1682.83201371191","68311.4120109431"
"Shasta County","40","2012-08","2012/08/08 00:00:00+00","1.0","39.0","39.136795","2315.92920184516","283318.804004152"
"Shasta County","CONSTANIA","2012-08","2012/08/15 00:00:00+00","1.0","60.0","154.73315","4192.7408976189","1067578.58908318"
"Shasta County","MARR","2012-08","2012/08/14 00:00:00+00","1.0","230.0","227.13953","6790.92545837202","1608025.99753825"
"Shasta County","NELSON (W-1)","2012-08","2012/09/03 00:00:00+00","1.0","3661.0","3659.4651","31068.0123539365","26256964.1224137"
"Shasta County","RED","2012-05","2012/05/25 00:00:00+00","14.0","13.0","12.449682","3188.8885799653","88649.4107332513"
"Shasta County","RUSH","2012-08","2012/10/22 00:00:00+00","1.0","315577.0","315511.5","546507.002846691","2218061438.27044"
"Shasta County","SCHALER","2012-07","2012/07/16 00:00:00+00","14.0","68.0","65.738197","3269.30493041177","480983.259358267"
"Shasta County","SPANISH","2012-07","2012/07/26 00:00:00+00","14.0","1169.0","1150.8577","15222.9757380479","8121722.75226534"
"Shasta County","SPANISH","2012-08","2012/09/01 00:00:00+00","4.0","132.0","121.83424","5046.37607351472","846095.031376661"
"Shasta County","STONE","2012-08","2012/08/21 00:00:00+00","1.0","17.1","17.144876","1675.49912691337","120678.102535616"
"Shasta County","TERMO","2012-08","2012/08/12 00:00:00+00","3.0","37.7","38.646133","2679.17513394787","273601.361056371"
"Santa Barbara County","BRANCH","2013-06","2013/06/26 00:00:00+00","9.0","490.0","489.52106","10101.9290033097","2970511.80767826"
"Santa Barbara County","PFEIFFER","2013-12","2013/12/20 00:00:00+00","9.0","917.0","913.96295","10666.7829691971","5698435.13040847"
"Santa Barbara County","ROCK","2013-05","2013/05/12 00:00:00+00","9.0","51.0","50.993568","4063.41030250392","309539.260805144"
"Santa Barbara County","TASSAJARA","2013-07","2013/08/07 00:00:00+00","4.0","213.0","212.46451","7662.93266860351","1324661.35781957"
"Santa Barbara County","WHITE","2013-05","2013/08/01 00:00:00+00","4.0","1984.0","1912.0497","25641.9282508086","11434226.6607611"
"Shasta County","CLARKS","2013-05","2013/05/25 00:00:00+00","1.0","","65.45874","8764.90092382438","466329.169565425"
"Shasta County","DRY VALLEY","2013-05","2013/05/12 00:00:00+00","8.0","","15.157426","2986.31243652788","105543.230936446"
"Santa Barbara County","MIGUELITO","2014-05","2014/05/19 00:00:00+00","11.0","632.0","631.81372","13185.6394405451","3784196.96434462"
"Shasta County","MALT","2014-07","2014/07/28 00:00:00+00","1.0","1054.0","1062.864","16979.5913173174","7794792.40292188"
"Shasta County","COLEMAN","2014-07","2014/08/22 00:00:00+00","1.0","15233.0","15242.868","102552.256519029","111340659.181286"
"Sacramento County","TRACT 17","2014-09","2014/09/20 00:00:00+00","18.0","252.0","251.61722","17434.3960454736","1708662.22858285"
"Sacramento County","AFTON","2014-01","2014/01/23 00:00:00+00","14.0","17.0","17.013462","1667.96401921116","115500.564451107"
"Santa Barbara County","RIDGE","2015-06","2015/06/19 00:00:00+00","11.0","9.10000038146973","9.0720701","1496.33126611322","54621.9691552131"
"Santa Barbara County","MESA","2015-06","2015/06/30 00:00:00+00","8.0","211.0","210.83463","7612.10964013665","1264986.61857505"
"Santa Barbara County","MARIPOSA","2015-07","2015/07/26 00:00:00+00","10.0","9.10000038146973","9.0731726","1008.58357915082","54156.9282298304"
"Santa Barbara County","WHITE","2015-08","2015/08/01 00:00:00+00","11.0","53.5","53.556526","4252.99510104239","323366.603660641"
"Santa Barbara County","GRADE","2015-08","2015/08/16 00:00:00+00","10.0","19.7000007629395","19.674082","2507.36291080861","117600.131428226"
"Shasta County","DODGE","2015-08","2015/08/17 00:00:00+00","2.0","10570.0","10517.517","88223.203365729","74691267.3535256"
"Shasta County","S2 COAL","2015-07","2015/07/10 00:00:00+00","1.0","30.0","29.952766","3215.61338265566","212749.621813987"
"Shasta County","SHINN","2015-06","2015/07/06 00:00:00+00","1.0","111.0","110.80151","4351.93641790425","780114.385666198"
"Shasta County","S1 DUCK","2015-08","2015/08/18 00:00:00+00","1.0","","30.089987","2385.76151767532","213841.336379248"
"Santa Barbara County","BURSON","2015-09","2015/09/04 00:00:00+00","2.0","27.0","18.239378","2428.22187851688","108881.682749239"
"Santa Barbara County","CHORRO","2015-08","2015/08/11 00:00:00+00","2.0","282.0","273.81992","9996.46533817533","1639548.48128628"
"Santa Barbara County","GIBRALTAR","2015-10","2015/11/04 00:00:00+00","9.0","21.0","21.0506","1549.52499753324","125670.405925846"
"Santa Barbara County","CAT","2016-06","2016/06/27 00:00:00+00","11.0","19.8","19.744371","1632.58490871212","118762.868929518"
"Santa Barbara County","BAR","2016-08","2016/08/24 00:00:00+00","14.0","17.9","17.844017","1774.63039549447","106501.285671983"
"Santa Barbara County","COLEMAN","2016-06","2016/06/21 00:00:00+00","5.0","2520.0","2522.6387","36724.3141289791","15679234.0551828"
"Santa Barbara County","SHERPA ","2016-06","2016/07/11 00:00:00+00","9.0","7474.0","7465.7515","50070.3397093859","44587072.1189253"
"Santa Barbara County","REY","2016-08","2016/09/15 00:00:00+00","9.0","32606.0","32580.436","167261.430551705","194972416.780622"
"Santa Barbara County","PINE","2016-06","2016/12/15 00:00:00+00","4.0","2304.0","2300.2546","39191.892489347","13784500.1239536"
"Santa Barbara County","AIR","2017-09","2017/09/25 00:00:00+00","2.0","149.0","147.83752","6209.63324485197","885189.910645773"
"Santa Barbara County","BELL","2017-08","2017/08/05 00:00:00+00","7.0","32.0","34.689728","2825.06971505147","209450.955488158"
"Santa Barbara County","CEBRIAM","2017-06","2017/06/25 00:00:00+00","11.0","260.0","269.1116","6851.53278526997","1624235.72221131"
"Santa Barbara County","TRAIL","2017-06","2017/06/23 00:00:00+00","9.0","12.0","11.72539","1797.79099534964","70354.9163073565"
"Santa Barbara County","WOODCHOPPER 1","2018-07","2018/07/17 00:00:00+00","11.0","23.0","19.23786","2202.7841719789","115487.977073854"
"Santa Barbara County","RUCKER","2017-09","2017/10/04 00:00:00+00","10.0","444.0","429.70416","15120.1976845947","2579300.52878963"
"Santa Barbara County","WOODCHOPPER 2","2017-12","2017/12/08 00:00:00+00","11.0","24.0","25.131676","1954.42072869268","150879.931662569"
"Santa Barbara County","ARMOUR","2017-07","2017/07/27 00:00:00+00","10.0","10.0","10.082671","1429.46436243082","60379.6174935114"
"Santa Barbara County","WASIOJA","2018-05","2018/05/22 00:00:00+00","11.0","190.0","189.53737","5519.22012341426","1144194.50913199"
"Santa Barbara County","VINEYARD","2017-04","2017/04/30 00:00:00+00","11.0","12.0","12.27624","2473.84684831547","73729.1806512615"
"Santa Barbara County","WESTERLY","2017-08","2017/08/12 00:00:00+00","11.0","25.0","25.668158","2125.10568810796","153896.251690313"
"Santa Barbara County","CAT","2017-12","2017/12/05 00:00:00+00","11.0","15.0","15.883323","1752.28529655968","95588.3007680037"
"Santa Barbara County","HWY_1","2017-12","2017/12/14 00:00:00+00","11.0","14.0","13.045654","1630.37108114135","78084.2986454324"
"Santa Barbara County","DRUM","2017-12","2017/12/16 00:00:00+00","9.0","13.0","13.538693","1267.29926127521","81286.7308130881"
"Santa Barbara County","MESA","2017-07","2017/07/17 00:00:00+00","2.0","50.0","51.363163","3769.93078414295","308778.946673968"
"Shasta County","R-4 PARSNIP","2017-08","2017/09/15 00:00:00+00","1.0","0.0","18601.98","94536.6430737667","131169145.052986"
"Shasta County","W-2 LIKELY","2017-08","2017/08/23 00:00:00+00","1.0","0.0","10.329426","1409.61877860857","73887.3850988891"
"Shasta County","WEST","2017-04","2017/04/03 00:00:00+00","5.0","0.0","401.28772","7878.63394639248","2880391.81259065"
"Shasta County","RIVER","2017-06","2017/06/05 00:00:00+00","14.0","0.0","71.229919","4945.5343839894","492440.025814045"
"Shasta County","SHAFFER","2017-06","2017/06/23 00:00:00+00","1.0","0.0","59.038818","3381.64675576261","412324.700441722"
"Shasta County","LONG VALLEY","2017-07","2017/07/27 00:00:00+00","10.0","0.0","83581.414","254095.86251428","577257450.156094"
"Shasta County","R-10 PAINTER","2017-07","2017/07/27 00:00:00+00","1.0","0.0","83.834198","7165.16212268481","591685.029549679"
"Shasta County","R-2 SCHAFFER","2017-07","2017/07/30 00:00:00+00","1.0","0.0","26.493879","2630.98659269986","185359.518419482"
"Shasta County","R-9 SHINN","2017-07","2017/07/27 00:00:00+00","1.0","0.0","278.1283","8315.81442740422","1958399.77922862"
"Shasta County","R-4 RANCH","2017-08","2017/08/12 00:00:00+00","1.0","0.0","120.25045","5158.13443128983","839595.5313172"
"Shasta County","R-3 MUD","2017-08","2017/08/26 00:00:00+00","1.0","0.0","99.573639","5663.09224280127","698691.649202304"
"Shasta County","R-5 STONEY","2017-08","2017/08/27 00:00:00+00","1.0","0.0","203.96814","12428.1839874062","1431517.15067717"
"Shasta County","R-9 FREDONYER","2017-08","2017/08/25 00:00:00+00","1.0","0.0","22.033934","1691.51153908744","155586.93466389"
"Shasta County","PEG","2017-08","2017/08/27 00:00:00+00","9.0","0.0","148.60083","6219.77261902839","1050903.33513256"
"Shasta County","CHERRY","2017-08","2017/08/30 00:00:00+00","1.0","0.0","24.911949","3837.23795477059","175210.784076884"
"Shasta County","LONE","2017-08","2017/08/30 00:00:00+00","1.0","0.0","214.66414","5487.10418762858","1512559.92511851"
"Shasta County","MUD","2017-08","2017/09/11 00:00:00+00","1.0","0.0","6036.0649","30699.5418986304","42209652.6940302"
"Shasta County","R-5 SPANISH","2017-08","2017/08/31 00:00:00+00","1.0","0.0","166.8586","4288.53789310946","1178647.76348629"
"Shasta County","R-2 BUTTE WELL","2017-09","2017/09/11 00:00:00+00","1.0","0.0","17.387989","2027.3743589352","121814.835057076"
"Shasta County","W4 ROMERO","2017-08","2017/08/24 00:00:00+00","14.0","0.0","13.828908","1772.07313762219","99328.8414195111"
"Shasta County","COWHEAD","2017-10","2017/10/12 00:00:00+00","4.0","0.0","31.66678","3431.24157606199","231840.436962513"
"Shasta County","DRY VALLEY","2017-09","2017/09/14 00:00:00+00","1.0","0.0","51.238029","4260.98055413177","353563.252580715"
"Santa Barbara County","RED","2017-08","2017/08/03 00:00:00+00","1.0","451.0","450.83997","7793.61651243173","2751462.51526861"
"Santa Barbara County","WHITTIER","2017-07","2017/12/21 00:00:00+00","9.0","18431.0","18412.404","76132.4528731415","110052443.243181"
"Santa Barbara County","APACHE ","2017-05","2017/05/17 00:00:00+00","4.0","24.4","24.400581","1578.64711086688","146634.842273743"
"Santa Barbara County","POZO ","2017-10","2017/10/09 00:00:00+00","2.0","61.44","64.36557","2850.56122805584","391804.374179956"
"Santa Barbara County","HOLIDAY","2018-07","2018/07/09 00:00:00+00","14.0","110.0","118.0118","10353.1074897826","704218.098026067"
"Santa Barbara County","CRUCES","2018-07","2018/07/19 00:00:00+00","10.0","80.0","77.553047","5134.49404487766","463482.182893809"
"Santa Barbara County","WINDMILL","2018-07","2018/07/23 00:00:00+00","2.0","100.0","90.146996","5155.64538424979","540224.392802099"
"Santa Barbara County","HAPPY","2018-05","2018/05/17 00:00:00+00","11.0","60.0","59.465137","2910.19795231164","356321.702302664"
"Santa Barbara County","FRONT","2018-08","2018/11/07 00:00:00+00","9.0","1014.0","1014.5043","17214.5030047355","6143249.40407182"
"Santa Barbara County","ADAMS","2018-07","2018/08/01 00:00:00+00","1.0","13.3","19.003458","1932.65878008997","114041.953470913"
"Santa Barbara County","CANYON","2018-06","2018/07/14 00:00:00+00","2.0","62.0","62.00304","4159.13788547403","370833.165670131"
"Santa Barbara County","OGILVY","2018-09","2018/10/16 00:00:00+00","1.0","172.0","165.36458","7501.94156766876","989082.633310307"
"Shasta County","TUMBLEWEED","2018-06","2018/06/19 00:00:00+00","10.0","645.7","645.41144","14778.2053823464","4507079.97921412"
"Shasta County","EAGLE","2018-07","2018/08/06 00:00:00+00","2.0","2066.0","2097.8755","18179.7783321201","15040918.0347007"
"Shasta County","LIKELY","2018-08","2018/08/07 00:00:00+00","10.0","15.7","16.192053","1806.16309192034","116155.170307387"
"Shasta County","CONSTANTIA","2018-08","2018/08/06 00:00:00+00","","","11.728822","1606.83953565212","80896.5720089151"
"Santa Barbara County","MCMURRAY","2019-09","2019/09/14 00:00:00+00","14.0","200.0","355.32288","13024.5537905464","2129982.65174467"
"Santa Barbara County","REAL","2019-10","2019/10/21 00:00:00+00","14.0","420.0","420.6586","8608.85786435363","2510906.66847798"
"Santa Barbara County","BAR","2019-11","2019/11/13 00:00:00+00","18.0","20.0","51.626499","3828.80681807059","309784.662616602"
"Santa Barbara County","SWEENEY","2019-08","2019/08/14 00:00:00+00","14.0","17.0","16.980272","1363.54399058278","101744.943861047"
"Shasta County","W-1 MCDONALD","2019-08","2019/08/12 00:00:00+00","1.0","1020.0","1020.3251","23270.5288632056","7250457.40437323"
"Shasta County","COPPER","2019-09","2019/09/12 00:00:00+00","1.0","20.2","20.231287","2425.04243254084","144188.146310743"
"Shasta County","HORSE","2019-10","2019/10/16 00:00:00+00","1.0","54.7","54.572514","4713.97749331935","381618.040314075"
"Shasta County","HORSE","2019-08","2019/08/26 00:00:00+00","1.0","130.0","123.05126","5835.27501637053","863653.717324676"
"Shasta County","R1 JUNIPER","2019-08","2019/08/11 00:00:00+00","1.0","130.0","130.14069","5171.72679051387","922279.929746995"
"Shasta County","R2 RAVEN","2019-08","2019/08/13 00:00:00+00","1.0","11.0","10.846578","1582.33793591023","76714.2259070265"
"Shasta County","R1 RANCH","2019-08","2019/09/04 00:00:00+00","1.0","3343.0","3379.2861","38715.9099422221","23743970.3143451"
"Shasta County","R4 RAILROAD","2019-08","2019/08/13 00:00:00+00","1.0","24.1","24.105974","2574.60026243953","169542.073826295"
"Shasta County","R3 RYE PATCH","2019-07","2019/07/28 00:00:00+00","1.0","14.0","14.148462","2203.72654953577","99687.0826619617"
"Shasta County","R6 CREEK","2019-09","2019/09/13 00:00:00+00","1.0","257.0","66.479622","2935.46734231142","469182.092086349"
"Shasta County","R2 SNOWSTORM","2019-06","2019/06/19 00:00:00+00","1.0","23.7","23.711695","2714.53110881734","166672.916564356"
"Shasta County","SNOWSTORM","2019-07","2019/07/21 00:00:00+00","1.0","263.0","264.27466","6534.33629390579","1857302.67920859"
"Santa Barbara County","MILL","2019-07","2019/09/02 00:00:00+00","9.0","311.0","321.53876","7506.35015055895","1992600.15264635"
"Santa Barbara County","RANCH","2019-10","2019/10/10 00:00:00+00","2.0","50.0","55.306419","3353.77634973506","335857.946129485"
"Santa Barbara County","RANGE","2019-07","2019/08/05 00:00:00+00","9.0","100.0","99.083054","3469.4071568202","594398.318173375"
"Santa Barbara County","OAK FLAT","2019-05","2019/08/27 00:00:00+00","9.0","30.1","30.35799","2420.3483003229","181619.157518832"
"Santa Barbara County","SNAIL","2019-09","2019/09/13 00:00:00+00","2.0","279.0","251.7925","7439.21487255186","1511326.42816681"
"Santa Barbara County","CAVE","2019-11","2019/12/14 00:00:00+00","7.0","3126.0","3125.9055","38512.2135101773","18664766.9282013"
