"county","Year","Month","ndvi"
"Sacramento","2008","1","0.50355"
"Santa Barbara","2008","1","0.62285"
"Shasta","2008","1","0.6643"
"Sacramento","2008","2","0.5047"
"Santa Barbara","2008","2","0.7025"
"Shasta","2008","2","0.6567000000000001"
"Sacramento","2008","3","0.544"
"Santa Barbara","2008","3","0.66205"
"Shasta","2008","3","0.5753"
"Sacramento","2008","4","0.48525"
"Santa Barbara","2008","4","0.6908000000000001"
"Shasta","2008","4","0.72185"
"Sacramento","2008","5","0.3524"
"Santa Barbara","2008","5","0.6535500000000001"
"Shasta","2008","5","0.75885"
"Sacramento","2008","6","0.34065"
"Santa Barbara","2008","6","0.6488"
"Shasta","2008","6","0.7203"
"Sacramento","2008","7","0.32165"
"Santa Barbara","2008","7","0.6093500000000001"
"Shasta","2008","7","0.7259"
"Sacramento","2008","8","0.36105000000000004"
"Santa Barbara","2008","8","0.6036"
"Shasta","2008","8","0.68215"
"Sacramento","2008","9","0.32205"
"Santa Barbara","2008","9","0.62505"
"Shasta","2008","9","0.69855"
"Sacramento","2008","10","0.3294"
"Santa Barbara","2008","10","0.6263000000000001"
"Shasta","2008","10","0.70935"
"Sacramento","2008","11","0.4718"
"Santa Barbara","2008","11","0.6546000000000001"
"Shasta","2008","11","0.6719"
"Sacramento","2008","12","0.5154"
"Santa Barbara","2008","12","0.65275"
"Shasta","2008","12","0.66415"
"Sacramento","2009","1","0.5272"
"Santa Barbara","2009","1","0.6821"
"Shasta","2009","1","0.6832"
"Sacramento","2009","2","0.5384"
"Santa Barbara","2009","2","0.6878000000000001"
"Shasta","2009","2","0.66635"
"Sacramento","2009","3","0.58885"
"Santa Barbara","2009","3","0.7050500000000001"
"Shasta","2009","3","0.6772"
"Sacramento","2009","4","0.53425"
"Santa Barbara","2009","4","0.6964"
"Shasta","2009","4","0.7214"
"Sacramento","2009","5","0.42000000000000004"
"Santa Barbara","2009","5","0.7023"
"Shasta","2009","5","0.70365"
"Sacramento","2009","6","0.31995"
"Santa Barbara","2009","6","0.6524500000000001"
"Shasta","2009","6","0.72335"
"Sacramento","2009","7","0.29745"
"Santa Barbara","2009","7","0.6073000000000001"
"Shasta","2009","7","0.69325"
"Sacramento","2009","8","0.3115"
"Santa Barbara","2009","8","0.60535"
"Shasta","2009","8","0.6855"
"Sacramento","2009","9","0.32635000000000003"
"Santa Barbara","2009","9","0.6203000000000001"
"Shasta","2009","9","0.67145"
"Sacramento","2009","10","0.44160000000000005"
"Santa Barbara","2009","10","0.6381"
"Shasta","2009","10","0.7140000000000001"
"Sacramento","2009","11","0.5025000000000001"
"Santa Barbara","2009","11","0.6585000000000001"
"Shasta","2009","11","0.69815"
"Sacramento","2009","12","0.519"
"Santa Barbara","2009","12","0.6771"
"Shasta","2009","12","0.69255"
"Sacramento","2010","1","0.6162000000000001"
"Santa Barbara","2010","1","0.6928000000000001"
"Shasta","2010","1","0.68215"
"Sacramento","2010","2","0.6202000000000001"
"Santa Barbara","2010","2","0.73665"
"Shasta","2010","2","0.7170500000000001"
"Sacramento","2010","3","0.65385"
"Santa Barbara","2010","3","0.6956"
"Shasta","2010","3","0.6477"
"Sacramento","2010","4","0.61245"
"Santa Barbara","2010","4","0.7090500000000001"
"Shasta","2010","4","0.6832"
"Sacramento","2010","5","0.4631"
"Santa Barbara","2010","5","0.7212000000000001"
"Shasta","2010","5","0.7834500000000001"
"Sacramento","2010","6","0.33725"
"Santa Barbara","2010","6","0.67935"
"Shasta","2010","6","0.77835"
"Sacramento","2010","7","0.32755"
"Santa Barbara","2010","7","0.67055"
"Shasta","2010","7","0.7347"
"Sacramento","2010","8","0.3277"
"Santa Barbara","2010","8","0.65895"
"Shasta","2010","8","0.7342500000000001"
"Sacramento","2010","9","0.33290000000000003"
"Santa Barbara","2010","9","0.6445500000000001"
"Shasta","2010","9","0.71655"
"Sacramento","2010","10","0.343"
"Santa Barbara","2010","10","0.7142000000000001"
"Shasta","2010","10","0.5822"
"Sacramento","2010","11","0.45630000000000004"
"Santa Barbara","2010","11","0.71425"
"Shasta","2010","11","0.7130500000000001"
"Sacramento","2010","12","0.5679000000000001"
"Santa Barbara","2010","12","0.6898500000000001"
"Shasta","2010","12","0.69735"
"Sacramento","2011","1","0.6199"
"Santa Barbara","2011","1","0.7111000000000001"
"Shasta","2011","1","0.7088"
"Sacramento","2011","2","0.52645"
"Santa Barbara","2011","2","0.6930000000000001"
"Shasta","2011","2","0.62905"
"Sacramento","2011","3","0.6256"
"Santa Barbara","2011","3","0.68955"
"Shasta","2011","3","0.6262500000000001"
"Sacramento","2011","4","0.5598500000000001"
"Santa Barbara","2011","4","0.71035"
"Shasta","2011","4","0.70565"
"Sacramento","2011","5","0.47605000000000003"
"Santa Barbara","2011","5","0.71285"
"Shasta","2011","5","0.8098500000000001"
"Sacramento","2011","6","0.3654"
"Santa Barbara","2011","6","0.7277"
"Shasta","2011","6","0.76895"
"Sacramento","2011","7","0.34515"
"Santa Barbara","2011","7","0.7137"
"Shasta","2011","7","0.748"
"Sacramento","2011","8","0.3622"
"Santa Barbara","2011","8","0.6974"
"Shasta","2011","8","0.72775"
"Sacramento","2011","9","0.3386"
"Santa Barbara","2011","9","0.7128"
"Shasta","2011","9","0.7376"
"Sacramento","2011","10","0.4309"
"Santa Barbara","2011","10","0.6748000000000001"
"Shasta","2011","10","0.7409"
"Sacramento","2011","11","0.45320000000000005"
"Santa Barbara","2011","11","0.7010000000000001"
"Shasta","2011","11","0.71965"
"Sacramento","2011","12","0.41045000000000004"
"Santa Barbara","2011","12","0.7027"
"Shasta","2011","12","0.7053"
"Sacramento","2012","1","0.43165000000000003"
"Santa Barbara","2012","1","0.71785"
"Shasta","2012","1","0.6894"
"Sacramento","2012","2","0.48710000000000003"
"Santa Barbara","2012","2","0.7212500000000001"
"Shasta","2012","2","0.6622"
"Sacramento","2012","3","0.55245"
"Santa Barbara","2012","3","0.6801"
"Shasta","2012","3","0.6909500000000001"
"Sacramento","2012","4","0.53635"
"Santa Barbara","2012","4","0.7134"
"Shasta","2012","4","0.6972"
"Sacramento","2012","5","0.44320000000000004"
"Santa Barbara","2012","5","0.6869500000000001"
"Shasta","2012","5","0.78075"
"Sacramento","2012","6","0.32335"
"Santa Barbara","2012","6","0.6791"
"Shasta","2012","6","0.7786500000000001"
"Sacramento","2012","7","0.32080000000000003"
"Santa Barbara","2012","7","0.6283000000000001"
"Shasta","2012","7","0.7696000000000001"
"Sacramento","2012","8","0.3277"
"Santa Barbara","2012","8","0.6189"
"Shasta","2012","8","0.72535"
"Sacramento","2012","9","0.3206"
"Santa Barbara","2012","9","0.6322"
"Shasta","2012","9","0.7199"
"Sacramento","2012","10","0.39775"
"Santa Barbara","2012","10","0.6247"
"Shasta","2012","10","0.71525"
"Sacramento","2012","11","0.5477000000000001"
"Santa Barbara","2012","11","0.5996"
"Shasta","2012","11","0.6793"
"Sacramento","2012","12","0.5515"
"Santa Barbara","2012","12","0.7387"
"Shasta","2012","12","0.7815000000000001"
"Sacramento","2013","1","0.57855"
"Santa Barbara","2013","1","0.70325"
"Shasta","2013","1","0.7026"
"Sacramento","2013","2","0.5603"
"Santa Barbara","2013","2","0.73585"
"Shasta","2013","2","0.68265"
"Sacramento","2013","3","0.60195"
"Santa Barbara","2013","3","0.7228"
"Shasta","2013","3","0.6676500000000001"
"Sacramento","2013","4","0.5724"
"Santa Barbara","2013","4","0.7106"
"Shasta","2013","4","0.7329"
"Sacramento","2013","5","0.37415000000000004"
"Santa Barbara","2013","5","0.6783"
"Shasta","2013","5","0.7584500000000001"
"Sacramento","2013","6","0.33525"
"Santa Barbara","2013","6","0.62055"
"Shasta","2013","6","0.74865"
"Sacramento","2013","7","0.3241"
"Santa Barbara","2013","7","0.6053000000000001"
"Shasta","2013","7","0.7074"
"Sacramento","2013","8","0.32530000000000003"
"Santa Barbara","2013","8","0.6035"
"Shasta","2013","8","0.68965"
"Sacramento","2013","9","0.34995000000000004"
"Santa Barbara","2013","9","0.6067"
"Shasta","2013","9","0.7201000000000001"
"Sacramento","2013","10","0.33890000000000003"
"Santa Barbara","2013","10","0.6002000000000001"
"Shasta","2013","10","0.6960000000000001"
"Sacramento","2013","11","0.33425"
"Santa Barbara","2013","11","0.6229"
"Shasta","2013","11","0.69045"
"Sacramento","2013","12","0.4012"
"Santa Barbara","2013","12","0.6371"
"Shasta","2013","12","0.6815"
"Sacramento","2014","1","0.3532"
"Santa Barbara","2014","1","0.6304500000000001"
"Shasta","2014","1","0.65835"
"Sacramento","2014","2","0.40015"
"Santa Barbara","2014","2","0.5715"
"Shasta","2014","2","0.6707000000000001"
"Sacramento","2014","3","0.5341"
"Santa Barbara","2014","3","0.6133000000000001"
"Shasta","2014","3","0.6701"
"Sacramento","2014","4","0.55245"
"Santa Barbara","2014","4","0.70265"
"Shasta","2014","4","0.74145"
"Sacramento","2014","5","0.4143"
"Santa Barbara","2014","5","0.6764"
"Shasta","2014","5","0.7298"
"Sacramento","2014","6","0.3206"
"Santa Barbara","2014","6","0.6117"
"Shasta","2014","6","0.7152000000000001"
"Sacramento","2014","7","0.3287"
"Santa Barbara","2014","7","0.6102000000000001"
"Shasta","2014","7","0.6841"
"Sacramento","2014","8","0.32915"
"Santa Barbara","2014","8","0.61755"
"Shasta","2014","8","0.682"
"Sacramento","2014","9","0.35065"
"Santa Barbara","2014","9","0.5995"
"Shasta","2014","9","0.6821"
"Sacramento","2014","10","0.35900000000000004"
"Santa Barbara","2014","10","0.6272"
"Shasta","2014","10","0.7514000000000001"
"Sacramento","2014","11","0.38870000000000005"
"Santa Barbara","2014","11","0.63805"
"Shasta","2014","11","0.6726000000000001"
"Sacramento","2014","12","0.5879500000000001"
"Santa Barbara","2014","12","0.65135"
"Shasta","2014","12","0.6622"
"Sacramento","2015","1","0.5537000000000001"
"Santa Barbara","2015","1","0.67495"
"Shasta","2015","1","0.6383"
"Sacramento","2015","2","0.5941500000000001"
"Santa Barbara","2015","2","0.70535"
"Shasta","2015","2","0.6814"
"Sacramento","2015","3","0.55"
"Santa Barbara","2015","3","0.6837500000000001"
"Shasta","2015","3","0.6781"
"Sacramento","2015","4","0.5161"
"Santa Barbara","2015","4","0.66335"
"Shasta","2015","4","0.7475"
"Sacramento","2015","5","0.3693"
"Santa Barbara","2015","5","0.66825"
"Shasta","2015","5","0.7242500000000001"
"Sacramento","2015","6","0.32680000000000003"
"Santa Barbara","2015","6","0.6152000000000001"
"Shasta","2015","6","0.7029500000000001"
"Sacramento","2015","7","0.29475"
"Santa Barbara","2015","7","0.61205"
"Shasta","2015","7","0.65905"
"Sacramento","2015","8","0.3029"
"Santa Barbara","2015","8","0.6001000000000001"
"Shasta","2015","8","0.68865"
"Sacramento","2015","9","0.3267"
"Santa Barbara","2015","9","0.61095"
"Shasta","2015","9","0.6847000000000001"
"Sacramento","2015","10","0.3375"
"Santa Barbara","2015","10","0.5827"
"Shasta","2015","10","0.6939000000000001"
"Sacramento","2015","11","0.36945"
"Santa Barbara","2015","11","0.59935"
"Shasta","2015","11","0.70855"
"Sacramento","2015","12","0.47640000000000005"
"Santa Barbara","2015","12","0.6013000000000001"
"Shasta","2015","12","0.7069000000000001"
"Sacramento","2016","1","0.51795"
"Santa Barbara","2016","1","0.59295"
"Shasta","2016","1","0.6873"
"Sacramento","2016","2","0.606"
"Santa Barbara","2016","2","0.6665"
"Shasta","2016","2","0.6111"
"Sacramento","2016","3","0.6388"
"Santa Barbara","2016","3","0.7183"
"Shasta","2016","3","0.69715"
"Sacramento","2016","4","0.55015"
"Santa Barbara","2016","4","0.7062"
"Shasta","2016","4","0.7343000000000001"
"Sacramento","2016","5","0.393"
"Santa Barbara","2016","5","0.678"
"Shasta","2016","5","0.7581"
"Sacramento","2016","6","0.30770000000000003"
"Santa Barbara","2016","6","0.62215"
"Shasta","2016","6","0.7635000000000001"
"Sacramento","2016","7","0.312"
"Santa Barbara","2016","7","0.6011000000000001"
"Shasta","2016","7","0.7199"
"Sacramento","2016","8","0.3022"
"Santa Barbara","2016","8","0.58525"
"Shasta","2016","8","0.6942"
"Sacramento","2016","9","0.30660000000000004"
"Santa Barbara","2016","9","0.5988"
"Shasta","2016","9","0.6928500000000001"
"Sacramento","2016","10","0.437"
"Santa Barbara","2016","10","0.62475"
"Shasta","2016","10","0.7095"
"Sacramento","2016","11","0.6171"
"Santa Barbara","2016","11","0.5940000000000001"
"Shasta","2016","11","0.7061000000000001"
"Sacramento","2016","12","0.6239"
"Santa Barbara","2016","12","0.64475"
"Shasta","2016","12","0.70325"
"Sacramento","2017","1","0.64325"
"Santa Barbara","2017","1","0.6698500000000001"
"Shasta","2017","1","0.72355"
"Sacramento","2017","2","0.62285"
"Santa Barbara","2017","2","0.682"
"Shasta","2017","2","0.7048"
"Sacramento","2017","3","0.6255000000000001"
"Santa Barbara","2017","3","0.6835"
"Shasta","2017","3","0.6869000000000001"
"Sacramento","2017","4","0.58775"
"Santa Barbara","2017","4","0.6801"
"Shasta","2017","4","0.7302000000000001"
"Sacramento","2017","5","0.42785"
"Santa Barbara","2017","5","0.6452"
"Shasta","2017","5","0.7622"
"Sacramento","2017","6","0.33390000000000003"
"Santa Barbara","2017","6","0.6484500000000001"
"Shasta","2017","6","0.73875"
"Sacramento","2017","7","0.31120000000000003"
"Santa Barbara","2017","7","0.6272500000000001"
"Shasta","2017","7","0.70135"
"Sacramento","2017","8","0.3126"
"Santa Barbara","2017","8","0.6059"
"Shasta","2017","8","0.7158"
"Sacramento","2017","9","0.30865000000000004"
"Santa Barbara","2017","9","0.6121500000000001"
"Shasta","2017","9","0.66425"
"Sacramento","2017","10","0.37770000000000004"
"Santa Barbara","2017","10","0.5971000000000001"
"Shasta","2017","10","0.6648000000000001"
"Sacramento","2017","11","0.36615000000000003"
"Santa Barbara","2017","11","0.62315"
"Shasta","2017","11","0.66245"
"Sacramento","2017","12","0.48085"
"Santa Barbara","2017","12","0.58575"
"Shasta","2017","12","0.7104"
"Sacramento","2018","1","0.57355"
"Santa Barbara","2018","1","0.63165"
"Shasta","2018","1","0.7187"
"Sacramento","2018","2","0.6291"
"Santa Barbara","2018","2","0.65115"
"Shasta","2018","2","0.70855"
"Sacramento","2018","3","0.58245"
"Santa Barbara","2018","3","0.6814"
"Shasta","2018","3","0.6877"
"Sacramento","2018","4","0.5908"
"Santa Barbara","2018","4","0.6796500000000001"
"Shasta","2018","4","0.7424000000000001"
"Sacramento","2018","5","0.41045000000000004"
"Santa Barbara","2018","5","0.67405"
"Shasta","2018","5","0.8114"
"Sacramento","2018","6","0.3224"
"Santa Barbara","2018","6","0.6474000000000001"
"Shasta","2018","6","0.7363000000000001"
"Sacramento","2018","7","0.3069"
"Santa Barbara","2018","7","0.62365"
"Shasta","2018","7","0.763"
"Sacramento","2018","8","0.32075000000000004"
"Santa Barbara","2018","8","0.5973"
"Shasta","2018","8","0.69255"
"Sacramento","2018","9","0.32435"
"Santa Barbara","2018","9","0.6103000000000001"
"Shasta","2018","9","0.6969500000000001"
"Sacramento","2018","10","0.3259"
"Santa Barbara","2018","10","0.6736000000000001"
"Shasta","2018","10","0.6958000000000001"
"Sacramento","2018","11","0.34165"
"Santa Barbara","2018","11","0.6227"
"Shasta","2018","11","0.65995"
"Sacramento","2018","12","0.4514"
"Santa Barbara","2018","12","0.6316"
"Shasta","2018","12","0.6919000000000001"
"Sacramento","2019","1","0.48005000000000003"
"Santa Barbara","2019","1","0.6990000000000001"
"Shasta","2019","1","0.7105"
"Sacramento","2019","2","0.5327500000000001"
"Santa Barbara","2019","2","0.68225"
"Shasta","2019","2","0.6169"
"Sacramento","2019","3","0.6054"
"Santa Barbara","2019","3","0.66635"
"Shasta","2019","3","0.66745"
"Sacramento","2019","4","0.60305"
"Santa Barbara","2019","4","0.7305"
"Shasta","2019","4","0.7061000000000001"
"Sacramento","2019","5","0.4243"
"Santa Barbara","2019","5","0.7265"
"Shasta","2019","5","0.7846500000000001"
"Sacramento","2019","6","0.3704"
"Santa Barbara","2019","6","0.68815"
"Shasta","2019","6","0.7715000000000001"
"Sacramento","2019","7","0.3423"
"Santa Barbara","2019","7","0.66845"
"Shasta","2019","7","0.7264"
"Sacramento","2019","8","0.33685000000000004"
"Santa Barbara","2019","8","0.7320500000000001"
"Shasta","2019","8","0.7205"
"Sacramento","2019","9","0.34235000000000004"
"Santa Barbara","2019","9","0.6485000000000001"
"Shasta","2019","9","0.7313500000000001"
"Sacramento","2019","10","0.3073"
"Santa Barbara","2019","10","0.6419"
"Shasta","2019","10","0.6787000000000001"
"Sacramento","2019","11","0.3179"
"Santa Barbara","2019","11","0.5940000000000001"
"Shasta","2019","11","0.6837500000000001"
"Sacramento","2019","12","0.3996"
"Santa Barbara","2019","12","0.6893"
"Shasta","2019","12","0.7091500000000001"
"Sacramento","2020","1","0.50025"
"Santa Barbara","2020","1","0.67345"
"Shasta","2020","1","0.5910000000000001"
"Sacramento","2020","2","0.54255"
"Santa Barbara","2020","2","0.6923"
"Shasta","2020","2","0.6303500000000001"
"Sacramento","2020","3","0.5809000000000001"
"Santa Barbara","2020","3","0.6879000000000001"
"Shasta","2020","3","0.6676000000000001"
"Sacramento","2020","4","0.5211"
"Santa Barbara","2020","4","0.6989000000000001"
"Shasta","2020","4","0.73865"
"Sacramento","2020","5","0.36310000000000003"
"Santa Barbara","2020","5","0.6776"
"Shasta","2020","5","0.7734500000000001"
"Sacramento","2020","6","0.3373"
"Santa Barbara","2020","6","0.7253000000000001"
"Shasta","2020","6","0.7667"
"Sacramento","2020","7","0.30795"
"Santa Barbara","2020","7","0.68095"
"Shasta","2020","7","0.7247"
"Sacramento","2020","8","0.3425"
"Santa Barbara","2020","8","0.6624"
"Shasta","2020","8","0.71025"
"Sacramento","2020","9","0.34340000000000004"
"Santa Barbara","2020","9","0.6428"
"Shasta","2020","9","0.6912"
"Sacramento","2020","10","0.31920000000000004"
"Santa Barbara","2020","10","0.6353500000000001"
"Shasta","2020","10","0.68845"
"Sacramento","2020","11","0.3769"
"Santa Barbara","2020","11","0.649"
"Shasta","2020","11","0.6751"
"Sacramento","2020","12","0.3628"
"Santa Barbara","2020","12","0.6204000000000001"
"Shasta","2020","12","0.64705"
