"date","county","maxtempF","mintempF","avgtempF","totalSnow_cm","humid","wind","precip","sunHour","lat","long"
"2008-07","Sacramento County","97.29032258064515","63.41935483870968","86.51612903225806","0.0","39.83870967741935","4.741935483870968","0.0","13.741935483870972","38.45000000000002","-121.34000000000006"
"2008-07","Santa Barbara County","89.12903225806451","59.70967741935484","80.54838709677419","0.0","41.45161290322581","7.354838709677419","0.0","13.164516129032268","34.539999999999985","-120.03999999999998"
"2008-07","Shasta County","93.83870967741936","55.45161290322581","84.35483870967742","0.0","36.0","6.096774193548387","0.0","14.025806451612906","40.76","-122.03999999999998"
"2008-08","Sacramento County","96.96774193548389","64.6774193548387","85.61290322580645","0.0","38.45161290322581","4.548387096774194","0.0","11.600000000000003","38.45000000000002","-121.34000000000006"
"2008-08","Santa Barbara County","89.74193548387096","60.74193548387097","80.38709677419355","0.0","41.83870967741935","6.548387096774194","0.0032258064516129032","11.600000000000003","34.539999999999985","-120.03999999999998"
"2008-08","Shasta County","92.4516129032258","55.29032258064516","81.6774193548387","0.0","36.58064516129032","6.935483870967742","0.0","11.600000000000003","40.76","-122.03999999999998"
"2008-09","Sacramento County","94.7","62.266666666666666","82.76666666666667","0.0","37.1","3.966666666666667","0.0","11.593333333333334","38.45000000000002","-121.34000000000006"
"2008-09","Santa Barbara County","87.8","59.9","77.6","0.0","40.13333333333333","6.933333333333334","0.0","11.6","34.539999999999985","-120.03999999999998"
"2008-09","Shasta County","87.83333333333333","49.63333333333333","74.76666666666667","0.0","32.56666666666667","6.033333333333333","0.0","11.59","40.76","-122.03999999999998"
"2008-10","Sacramento County","80.16129032258064","57.70967741935484","71.0","0.0","38.225806451612904","5.096774193548387","0.035483870967741936","10.938709677419354","38.45000000000002","-121.34000000000006"
"2008-10","Santa Barbara County","82.48387096774194","56.74193548387097","72.09677419354838","0.0","32.54838709677419","7.548387096774194","0.0","11.103225806451611","34.539999999999985","-120.03999999999998"
"2008-10","Shasta County","71.64516129032258","43.935483870967744","61.12903225806452","0.0","44.41935483870968","7.354838709677419","0.07741935483870968","10.687096774193549","40.76","-122.03999999999998"
"2008-11","Sacramento County","67.16666666666667","49.2","59.7","0.0","64.3","4.2","0.16333333333333336","8.62333333333333","38.45000000000002","-121.34000000000006"
"2008-11","Santa Barbara County","74.16666666666667","52.6","64.6","0.0","49.43333333333333","7.6","0.06333333333333334","8.983333333333329","34.539999999999985","-120.03999999999998"
"2008-11","Shasta County","61.56666666666667","37.93333333333333","50.53333333333333","0.0","66.96666666666667","6.133333333333334","0.15666666666666668","8.379999999999995","40.76","-122.03999999999998"
"2008-12","Sacramento County","53.83870967741935","39.25806451612903","47.87096774193548","0.0","68.74193548387096","5.32258064516129","0.15161290322580645","7.806451612903223","38.45000000000002","-121.34000000000006"
"2008-12","Santa Barbara County","61.483870967741936","43.354838709677416","53.54838709677419","0.0","59.67741935483871","7.387096774193548","0.09032258064516129","8.33870967741935","34.539999999999985","-120.03999999999998"
"2008-12","Shasta County","49.354838709677416","28.41935483870968","40.03225806451613","0.8516129032258064","73.38709677419355","6.580645161290323","0.20967741935483872","7.441935483870967","40.76","-122.03999999999998"
"2009-01","Sacramento County","60.70967741935484","42.83870967741935","53.29032258064516","0.0","66.2258064516129","4.161290322580645","0.08387096774193549","9.245161290322583","38.45000000000002","-121.34000000000006"
"2009-01","Santa Barbara County","69.12903225806451","48.38709677419355","59.61290322580645","0.0","44.67741935483871","6.870967741935484","0.03548387096774193","9.845161290322576","34.539999999999985","-120.03999999999998"
"2009-01","Shasta County","55.54838709677419","32.83870967741935","45.16129032258065","0.0","69.03225806451613","6.870967741935484","0.06129032258064516","9.25161290322581","40.76","-122.03999999999998"
"2009-02","Sacramento County","57.75","42.892857142857146","51.642857142857146","0.0","78.21428571428571","7.642857142857143","0.29642857142857143","9.560714285714283","38.45000000000002","-121.34000000000005"
"2009-02","Santa Barbara County","59.892857142857146","43.82142857142857","53.10714285714285","0.0","71.46428571428571","7.785714285714286","0.2464285714285714","9.807142857142855","34.539999999999985","-120.03999999999998"
"2009-02","Shasta County","49.5","31.892857142857142","42.035714285714285","0.2535714285714286","82.0","6.892857142857143","0.36428571428571427","8.785714285714286","40.76","-122.03999999999998"
"2009-03","Sacramento County","62.935483870967744","44.16129032258065","55.74193548387097","0.0","73.87096774193549","5.612903225806452","0.2064516129032258","10.632258064516131","38.45000000000002","-121.34000000000006"
"2009-03","Santa Barbara County","67.48387096774194","45.0","58.80645161290322","0.0","57.12903225806452","7.741935483870968","0.035483870967741936","11.341935483870971","34.539999999999985","-120.03999999999998"
"2009-03","Shasta County","56.2258064516129","31.741935483870968","47.29032258064516","0.0","74.3225806451613","7.451612903225806","0.2032258064516129","10.590322580645164","40.76","-122.03999999999998"
"2009-04","Sacramento County","71.1","46.6","62.66666666666666","0.0","61.2","5.366666666666666","0.07333333333333333","11.386666666666668","38.45000000000002","-121.34000000000006"
"2009-04","Santa Barbara County","71.06666666666666","45.4","62.6","0.0","49.43333333333333","8.7","0.010000000000000002","11.513333333333335","34.539999999999985","-120.03999999999998"
"2009-04","Shasta County","64.63333333333334","35.86666666666667","55.7","0.0","57.9","6.333333333333333","0.02666666666666667","11.303333333333336","40.76","-122.03999999999998"
"2009-05","Sacramento County","82.96774193548387","56.16129032258065","74.16129032258064","0.0","55.645161290322584","4.645161290322581","0.07419354838709677","13.36774193548387","38.45000000000002","-121.34000000000006"
"2009-05","Santa Barbara County","81.41935483870968","53.32258064516129","72.74193548387096","0.0","48.74193548387097","7.935483870967742","0.0032258064516129032","13.387096774193548","34.539999999999985","-120.03999999999998"
"2009-05","Shasta County","76.48387096774194","45.096774193548384","68.03225806451613","0.0","56.354838709677416","6.67741935483871","0.14516129032258066","13.51290322580645","40.76","-122.03999999999998"
"2009-06","Sacramento County","85.53333333333333","58.13333333333333","77.4","0.0","50.63333333333333","4.866666666666666","0.0033333333333333335","14.296666666666663","38.45000000000002","-121.34000000000006"
"2009-06","Santa Barbara County","78.33333333333333","50.56666666666667","70.6","0.0","58.56666666666667","6.7","0.0033333333333333335","14.356666666666666","34.539999999999985","-120.03999999999998"
"2009-06","Shasta County","81.3","48.56666666666667","73.53333333333333","0.0","53.0","5.766666666666667","0.02333333333333333","14.43","40.76","-122.03999999999998"
"2009-07","Sacramento County","98.12903225806453","62.903225806451616","86.83870967741936","0.0","35.354838709677416","4.612903225806452","0.0","13.741935483870972","38.45000000000002","-121.34000000000006"
"2009-07","Santa Barbara County","90.61290322580643","59.74193548387097","81.96774193548387","0.0","39.32258064516129","6.483870967741935","0.0","13.129032258064523","34.539999999999985","-120.03999999999998"
"2009-07","Shasta County","94.64516129032258","55.935483870967744","85.2258064516129","0.0","33.58064516129032","5.67741935483871","0.0","14.11935483870968","40.76","-122.03999999999998"
"2009-08","Sacramento County","95.83870967741936","63.58064516129032","84.70967741935483","0.0","38.32258064516129","4.548387096774194","0.0032258064516129032","11.600000000000003","38.45000000000002","-121.34000000000006"
"2009-08","Santa Barbara County","89.09677419354838","58.67741935483871","79.38709677419355","0.0","39.0","6.516129032258065","0.0","11.48387096774194","34.539999999999985","-120.03999999999998"
"2009-08","Shasta County","90.25806451612904","53.74193548387097","79.45161290322581","0.0","36.29032258064516","6.32258064516129","0.02258064516129032","11.564516129032262","40.76","-122.03999999999998"
"2009-09","Sacramento County","94.43333333333334","64.56666666666666","83.46666666666667","0.0","37.266666666666666","3.966666666666667","0.006666666666666667","11.546666666666669","38.45000000000002","-121.34000000000006"
"2009-09","Santa Barbara County","90.2","62.5","80.06666666666666","0.0","36.8","6.9","0.0","11.6","34.539999999999985","-120.03999999999998"
"2009-09","Shasta County","87.63333333333334","52.13333333333333","75.06666666666666","0.0","37.0","6.666666666666667","0.0","11.59","40.76","-122.03999999999998"
"2009-10","Sacramento County","74.70967741935483","53.67741935483871","66.64516129032258","0.0","54.61290322580645","5.516129032258065","0.14516129032258066","10.72258064516129","38.45000000000002","-121.34000000000006"
"2009-10","Santa Barbara County","76.74193548387096","53.87096774193548","67.74193548387096","0.0","45.935483870967744","7.903225806451613","0.07419354838709677","10.812903225806446","34.539999999999985","-120.03999999999998"
"2009-10","Shasta County","69.0","41.935483870967744","58.2258064516129","0.0","57.516129032258064","7.645161290322581","0.11290322580645161","10.551612903225806","40.76","-122.03999999999998"
"2009-11","Sacramento County","65.33333333333333","46.46666666666667","57.5","0.0","53.63333333333333","4.5","0.02666666666666667","8.79333333333333","38.45000000000002","-121.34000000000006"
"2009-11","Santa Barbara County","72.56666666666666","48.266666666666666","62.03333333333333","0.0","41.166666666666664","6.5","0.0033333333333333335","9.25666666666666","34.539999999999985","-120.03999999999998"
"2009-11","Shasta County","57.96666666666667","33.53333333333333","46.833333333333336","0.0","63.0","6.566666666666666","0.11666666666666667","8.453333333333328","40.76","-122.03999999999998"
"2009-12","Sacramento County","54.25806451612903","40.80645161290322","48.38709677419355","0.0129032258064516","72.41935483870968","4.774193548387097","0.1935483870967742","7.358064516129029","38.45000000000002","-121.34000000000006"
"2009-12","Santa Barbara County","60.935483870967744","42.70967741935484","52.87096774193548","0.0","61.70967741935484","6.774193548387097","0.11612903225806452","7.819354838709676","34.539999999999985","-120.03999999999998"
"2009-12","Shasta County","48.516129032258064","29.161290322580644","39.354838709677416","0.0096774193548387","74.2258064516129","5.741935483870968","0.14193548387096774","7.496774193548387","40.76","-122.03999999999998"
"2010-01","Sacramento County","55.96774193548387","43.935483870967744","50.774193548387096","0.0","76.51612903225806","6.612903225806452","0.34838709677419355","8.30322580645161","38.45000000000002","-121.34000000000006"
"2010-01","Santa Barbara County","63.483870967741936","45.935483870967744","55.87096774193548","0.0","62.483870967741936","7.32258064516129","0.2967741935483871","9.541935483870969","34.539999999999985","-120.03999999999998"
"2010-01","Shasta County","49.32258064516129","33.45161290322581","42.29032258064516","0.0451612903225806","87.12903225806451","6.32258064516129","0.34838709677419355","7.664516129032259","40.76","-122.03999999999998"
"2010-02","Sacramento County","59.035714285714285","44.285714285714285","52.85714285714285","0.0","79.14285714285714","5.428571428571429","0.18928571428571428","9.464285714285714","38.45000000000002","-121.34000000000005"
"2010-02","Santa Barbara County","62.5","43.71428571428572","54.57142857142857","0.0","70.35714285714286","7.5","0.1857142857142857","9.796428571428573","34.539999999999985","-120.03999999999998"
"2010-02","Shasta County","51.892857142857146","31.464285714285715","43.96428571428572","0.0","84.82142857142857","5.107142857142857","0.19999999999999998","9.285714285714288","40.76","-122.03999999999998"
"2010-03","Sacramento County","63.193548387096776","43.096774193548384","55.29032258064516","0.0","73.96774193548387","5.290322580645161","0.14516129032258066","10.677419354838712","38.45000000000002","-121.34000000000006"
"2010-03","Santa Barbara County","67.03225806451613","44.0","58.193548387096776","0.0","56.354838709677416","8.161290322580646","0.025806451612903226","11.158064516129036","34.539999999999985","-120.03999999999998"
"2010-03","Shasta County","55.193548387096776","31.516129032258064","46.193548387096776","0.0","76.29032258064517","7.064516129032258","0.15161290322580645","10.848387096774193","40.76","-122.03999999999998"
"2010-04","Sacramento County","62.833333333333336","43.43333333333333","56.266666666666666","0.0","77.23333333333333","5.733333333333333","0.21333333333333335","10.503333333333334","38.45000000000002","-121.34000000000006"
"2010-04","Santa Barbara County","66.53333333333333","43.1","58.56666666666667","0.0","62.333333333333336","8.666666666666666","0.11","10.923333333333336","34.539999999999985","-120.03999999999998"
"2010-04","Shasta County","56.53333333333333","31.6","49.16666666666666","0.01","75.63333333333334","7.3","0.23333333333333334","10.67666666666667","40.76","-122.03999999999998"
"2010-05","Sacramento County","70.7741935483871","48.64516129032258","63.64516129032258","0.0","62.54838709677419","5.354838709677419","0.08064516129032258","12.909677419354836","38.45000000000002","-121.34000000000006"
"2010-05","Santa Barbara County","73.93548387096774","47.58064516129032","65.41935483870968","0.0","50.16129032258065","8.935483870967742","0.0064516129032258064","13.248387096774191","34.539999999999985","-120.03999999999998"
"2010-05","Shasta County","64.90322580645162","35.67741935483871","57.41935483870968","0.0","64.25806451612904","6.838709677419355","0.07741935483870968","13.574193548387097","40.76","-122.03999999999998"
"2010-06","Sacramento County","86.7","58.63333333333333","78.2","0.0","47.7","5.166666666666667","0.0","14.433333333333334","38.45000000000002","-121.34000000000006"
"2010-06","Santa Barbara County","82.9","53.8","74.76666666666667","0.0","45.1","7.933333333333334","0.0","14.5","34.539999999999985","-120.03999999999998"
"2010-06","Shasta County","79.5","48.13333333333333","71.46666666666667","0.0","55.96666666666667","6.633333333333334","0.07666666666666666","14.296666666666663","40.76","-122.03999999999998"
"2010-07","Sacramento County","96.6774193548387","61.12903225806452","85.03225806451613","0.0","41.12903225806452","4.709677419354839","0.0","13.741935483870972","38.45000000000002","-121.34000000000006"
"2010-07","Santa Barbara County","84.2258064516129","56.03225806451613","75.96774193548387","0.0","50.45161290322581","6.290322580645161","0.0","13.17741935483872","34.539999999999985","-120.03999999999998"
"2010-07","Shasta County","94.09677419354838","54.193548387096776","84.48387096774194","0.0","38.67741935483871","5.645161290322581","0.0","14.11935483870968","40.76","-122.03999999999998"
"2010-08","Sacramento County","93.90322580645162","58.12903225806452","81.19354838709677","0.0","48.935483870967744","4.32258064516129","0.0","11.558064516129036","38.45000000000002","-121.34000000000006"
"2010-08","Santa Barbara County","76.29032258064517","56.87096774193548","70.25806451612904","0.0","57.16129032258065","5.870967741935484","0.0","11.600000000000003","34.539999999999985","-120.03999999999998"
"2010-08","Shasta County","88.54838709677419","48.38709677419355","77.61290322580645","0.0","44.61290322580645","5.0","0.012903225806451613","11.558064516129036","40.76","-122.03999999999998"
"2010-09","Sacramento County","92.63333333333334","60.266666666666666","80.53333333333333","0.0","44.86666666666667","3.933333333333333","0.0","11.553333333333336","38.45000000000002","-121.34000000000006"
"2010-09","Santa Barbara County","76.43333333333334","57.833333333333336","69.63333333333334","0.0","53.56666666666667","6.033333333333333","0.0033333333333333335","11.6","34.539999999999985","-120.03999999999998"
"2010-09","Shasta County","84.0","46.46666666666667","70.76666666666667","0.0","48.6","5.133333333333334","0.020000000000000004","11.546666666666669","40.76","-122.03999999999998"
"2010-10","Sacramento County","76.12903225806451","55.0","67.74193548387096","0.0","60.38709677419355","4.258064516129032","0.2161290322580645","10.4258064516129","38.45000000000002","-121.34000000000006"
"2010-10","Santa Barbara County","69.61290322580645","54.58064516129032","63.58064516129032","0.0","66.09677419354838","5.806451612903226","0.09032258064516129","10.945161290322575","34.539999999999985","-120.03999999999998"
"2010-10","Shasta County","69.96774193548387","40.61290322580645","58.83870967741935","0.0","61.45161290322581","5.483870967741935","0.24193548387096775","10.229032258064514","40.76","-122.03999999999998"
"2010-11","Sacramento County","60.56666666666667","44.53333333333333","53.9","0.0","72.76666666666667","4.866666666666666","0.21666666666666667","7.963333333333329","38.45000000000002","-121.34000000000006"
"2010-11","Santa Barbara County","63.86666666666667","49.2","57.5","0.0","60.63333333333333","6.7","0.043333333333333335","9.05333333333333","34.539999999999985","-120.03999999999998"
"2010-11","Shasta County","55.6","31.4","44.66666666666666","0.0333333333333333","74.9","5.566666666666666","0.17666666666666667","8.386666666666663","40.76","-122.03999999999998"
"2010-12","Sacramento County","55.38709677419355","44.61290322580645","50.54838709677419","0.0","86.09677419354838","5.258064516129032","0.432258064516129","6.583870967741934","38.45000000000002","-121.34000000000006"
"2010-12","Santa Barbara County","59.70967741935484","47.903225806451616","54.516129032258064","0.0","71.25806451612904","7.774193548387097","0.3806451612903226","7.645161290322577","34.539999999999985","-120.03999999999998"
"2010-12","Shasta County","47.2258064516129","30.193548387096776","39.64516129032258","0.0451612903225806","91.38709677419355","4.483870967741935","0.4032258064516129","5.925806451612904","40.76","-122.03999999999998"
"2011-01","Sacramento County","55.516129032258064","39.32258064516129","48.83870967741935","0.0","78.38709677419355","3.4193548387096775","0.07741935483870968","8.97741935483871","38.45000000000002","-121.34000000000006"
"2011-01","Santa Barbara County","62.25806451612903","47.96774193548387","55.774193548387096","0.0","57.806451612903224","6.258064516129032","0.05483870967741936","9.98064516129032","34.539999999999985","-120.03999999999998"
"2011-01","Shasta County","54.74193548387097","30.258064516129032","43.74193548387097","0.0612903225806451","74.06451612903226","5.193548387096774","0.04516129032258064","8.980645161290326","40.76","-122.03999999999998"
"2011-02","Sacramento County","57.71428571428572","37.92857142857143","49.67857142857143","0.0","73.14285714285714","5.964285714285714","0.225","9.839285714285714","38.45000000000002","-121.34000000000005"
"2011-02","Santa Barbara County","58.67857142857143","44.32142857142857","52.785714285714285","0.0","63.035714285714285","6.75","0.14285714285714285","10.432142857142855","34.539999999999985","-120.03999999999998"
"2011-02","Shasta County","50.17857142857143","25.642857142857142","40.535714285714285","0.7071428571428572","75.21428571428571","6.071428571428571","0.2","9.34642857142857","40.76","-122.03999999999998"
"2011-03","Sacramento County","57.96774193548387","42.58064516129032","52.16129032258065","0.0","85.58064516129032","6.387096774193548","0.4258064516129032","9.14516129032258","38.45000000000002","-121.34000000000006"
"2011-03","Santa Barbara County","60.774193548387096","46.74193548387097","55.54838709677419","0.0","69.6774193548387","7.967741935483871","0.27741935483870966","10.26451612903226","34.539999999999985","-120.03999999999998"
"2011-03","Shasta County","49.064516129032256","30.548387096774192","42.29032258064516","0.0806451612903225","89.48387096774194","5.870967741935484","0.5193548387096775","8.29032258064516","40.76","-122.03999999999998"
"2011-04","Sacramento County","66.33333333333333","44.36666666666667","58.7","0.0","73.3","5.033333333333333","0.060000000000000005","10.813333333333334","38.45000000000002","-121.34000000000006"
"2011-04","Santa Barbara County","65.6","49.06666666666667","60.1","0.0","63.56666666666667","8.233333333333333","0.0033333333333333335","11.51666666666667","34.539999999999985","-120.03999999999998"
"2011-04","Shasta County","59.8","31.7","51.73333333333333","0.02","72.66666666666667","5.433333333333334","0.09666666666666666","11.05666666666667","40.76","-122.03999999999998"
"2011-05","Sacramento County","70.0","47.32258064516129","62.903225806451616","0.0","66.25806451612904","5.032258064516129","0.11290322580645161","13.245161290322578","38.45000000000002","-121.34000000000006"
"2011-05","Santa Barbara County","65.51612903225806","50.16129032258065","60.83870967741935","0.0","63.03225806451613","9.03225806451613","0.022580645161290325","13.287096774193548","34.539999999999985","-120.03999999999998"
"2011-05","Shasta County","65.6774193548387","35.54838709677419","58.32258064516129","0.0","66.96774193548387","5.645161290322581","0.16774193548387098","13.293548387096774","40.76","-122.03999999999998"
"2011-06","Sacramento County","80.36666666666666","56.7","72.1","0.0","63.6","4.666666666666667","0.11666666666666667","14.013333333333332","38.45000000000002","-121.34000000000006"
"2011-06","Santa Barbara County","67.56666666666666","54.0","63.4","0.0","69.33333333333333","7.533333333333333","0.006666666666666667","14.32","34.539999999999985","-120.03999999999998"
"2011-06","Shasta County","76.33333333333333","45.4","68.9","0.0","60.43333333333333","5.466666666666667","0.06333333333333334","13.953333333333331","40.76","-122.03999999999998"
"2011-07","Sacramento County","89.61290322580645","61.516129032258064","79.93548387096774","0.0","55.0","4.483870967741935","0.0","13.825806451612909","38.45000000000002","-121.34000000000006"
"2011-07","Santa Barbara County","74.16129032258064","59.61290322580645","69.96774193548387","0.0","63.58064516129032","6.67741935483871","0.0064516129032258064","13.17741935483872","34.539999999999985","-120.03999999999998"
"2011-07","Shasta County","87.12903225806451","51.903225806451616","79.16129032258064","0.0","49.774193548387096","5.193548387096774","0.0064516129032258064","14.08709677419355","40.76","-122.03999999999998"
"2011-08","Sacramento County","91.51612903225806","60.774193548387096","80.16129032258064","0.0","51.12903225806452","4.032258064516129","0.0","11.561290322580648","38.45000000000002","-121.34000000000006"
"2011-08","Santa Barbara County","76.54838709677419","60.935483870967744","71.6774193548387","0.0","56.32258064516129","7.258064516129032","0.0064516129032258064","11.600000000000003","34.539999999999985","-120.03999999999998"
"2011-08","Shasta County","88.61290322580645","51.16129032258065","78.90322580645162","0.0","42.645161290322584","4.67741935483871","0.0","11.600000000000003","40.76","-122.03999999999998"
"2011-09","Sacramento County","92.03333333333332","63.4","80.96666666666667","0.0","44.53333333333333","3.966666666666667","0.006666666666666667","11.596666666666668","38.45000000000002","-121.34000000000006"
"2011-09","Santa Barbara County","75.36666666666666","60.96666666666667","69.93333333333334","0.0","59.233333333333334","5.9","0.013333333333333334","11.6","34.539999999999985","-120.03999999999998"
"2011-09","Shasta County","89.3","51.13333333333333","75.93333333333334","0.0","41.833333333333336","5.266666666666667","0.016666666666666666","11.59","40.76","-122.03999999999998"
"2011-10","Sacramento County","76.48387096774194","56.45161290322581","68.48387096774194","0.0","54.74193548387097","3.870967741935484","0.0967741935483871","10.82258064516129","38.45000000000002","-121.34000000000006"
"2011-10","Santa Barbara County","71.7741935483871","57.87096774193548","66.3225806451613","0.0","56.41935483870968","6.774193548387097","0.03225806451612903","11.177419354838705","34.539999999999985","-120.03999999999998"
"2011-10","Shasta County","72.6774193548387","42.58064516129032","60.903225806451616","0.0","56.74193548387097","6.258064516129032","0.1","10.770967741935484","40.76","-122.03999999999998"
"2011-11","Sacramento County","61.53333333333333","43.96666666666667","54.2","0.0","62.233333333333334","4.833333333333333","0.06666666666666667","8.743333333333329","38.45000000000002","-121.34000000000006"
"2011-11","Santa Barbara County","63.66666666666666","51.2","58.5","0.0","55.666666666666664","7.466666666666667","0.07333333333333333","9.32666666666666","34.539999999999985","-120.03999999999998"
"2011-11","Shasta County","55.5","30.066666666666663","44.4","0.0","69.1","5.133333333333334","0.12666666666666665","8.106666666666664","40.76","-122.03999999999998"
"2011-12","Sacramento County","57.12903225806452","37.74193548387097","49.16129032258065","0.0","53.54838709677419","4.419354838709677","0.0032258064516129032","8.367741935483867","38.45000000000002","-121.34000000000006"
"2011-12","Santa Barbara County","60.45161290322581","47.32258064516129","54.61290322580645","0.0","50.45161290322581","5.806451612903226","0.0064516129032258064","8.738709677419351","34.539999999999985","-120.03999999999998"
"2011-12","Shasta County","56.354838709677416","28.483870967741936","42.61290322580645","0.0","52.61290322580645","6.387096774193548","0.041935483870967745","8.361290322580642","40.76","-122.03999999999998"
"2012-01","Sacramento County","58.32258064516129","40.774193548387096","51.32258064516129","0.0","65.80645161290323","4.645161290322581","0.12903225806451613","9.158064516129034","38.45000000000002","-121.34000000000006"
"2012-01","Santa Barbara County","63.12903225806452","49.903225806451616","57.41935483870968","0.0","51.0","7.0","0.05161290322580645","9.983870967741932","34.539999999999985","-120.03999999999998"
"2012-01","Shasta County","52.54838709677419","28.774193548387096","42.483870967741936","0.0290322580645161","69.51612903225806","5.0","0.23225806451612904","8.66129032258065","40.76","-122.03999999999998"
"2012-02","Sacramento County","60.642857142857146","40.82142857142857","52.85714285714285","0.0","68.39285714285714","5.107142857142857","0.03571428571428571","9.914285714285716","38.45000000000002","-121.34000000000005"
"2012-02","Santa Barbara County","60.75","47.285714285714285","55.17857142857143","0.0","60.607142857142854","8.571428571428571","0.02142857142857143","10.849999999999998","34.539999999999985","-120.03999999999998"
"2012-02","Shasta County","55.25","29.107142857142858","44.892857142857146","0.0035714285714285","67.35714285714286","5.607142857142857","0.06785714285714287","10.071428571428577","40.76","-122.03999999999998"
"2012-03","Sacramento County","59.483870967741936","42.25806451612903","52.935483870967744","0.0","79.0","5.774193548387097","0.42903225806451617","9.635483870967745","38.45000000000002","-121.34000000000006"
"2012-03","Santa Barbara County","60.12903225806452","45.516129032258064","54.70967741935484","0.0","67.87096774193549","7.580645161290323","0.09032258064516129","11.341935483870971","34.539999999999985","-120.03999999999998"
"2012-03","Shasta County","51.96774193548387","30.387096774193548","44.483870967741936","0.1516129032258064","80.96774193548387","6.870967741935484","0.5870967741935483","9.43548387096774","40.76","-122.03999999999998"
"2012-04","Sacramento County","68.33333333333333","45.4","60.86666666666667","0.0","75.56666666666666","5.0","0.1766666666666667","10.963333333333336","38.45000000000002","-121.34000000000006"
"2012-04","Santa Barbara County","64.2","49.23333333333333","59.266666666666666","0.0","65.06666666666666","8.2","0.07","11.473333333333334","34.539999999999985","-120.03999999999998"
"2012-04","Shasta County","62.46666666666667","34.43333333333333","54.06666666666667","0.0033333333333333","74.7","5.2","0.14333333333333334","10.803333333333336","40.76","-122.03999999999998"
"2012-05","Sacramento County","78.48387096774194","51.83870967741935","69.90322580645162","0.0","59.935483870967744","4.935483870967742","0.0032258064516129032","13.75483870967742","38.45000000000002","-121.34000000000006"
"2012-05","Santa Barbara County","69.74193548387096","53.45161290322581","64.87096774193549","0.0","58.483870967741936","9.129032258064516","0.0","13.403225806451612","34.539999999999985","-120.03999999999998"
"2012-05","Shasta County","75.45161290322581","41.064516129032256","66.45161290322581","0.0","55.54838709677419","5.741935483870968","0.02903225806451613","13.870967741935484","40.76","-122.03999999999998"
"2012-06","Sacramento County","84.3","57.23333333333333","75.76666666666667","0.0","52.43333333333333","5.366666666666666","0.02333333333333333","14.43","38.45000000000002","-121.34000000000006"
"2012-06","Santa Barbara County","70.73333333333333","55.266666666666666","66.63333333333334","0.0","62.86666666666667","8.2","0.0","14.5","34.539999999999985","-120.03999999999998"
"2012-06","Shasta County","79.93333333333334","44.9","72.33333333333333","0.0","50.666666666666664","6.033333333333333","0.05","14.43","40.76","-122.03999999999998"
"2012-07","Sacramento County","91.61290322580643","60.32258064516129","80.3225806451613","0.0","53.12903225806452","4.483870967741935","0.0","13.741935483870972","38.45000000000002","-121.34000000000006"
"2012-07","Santa Barbara County","72.38709677419355","58.74193548387097","68.2258064516129","0.0","68.51612903225806","6.354838709677419","0.009677419354838712","13.164516129032268","34.539999999999985","-120.03999999999998"
"2012-07","Shasta County","89.0","50.70967741935484","79.6774193548387","0.0","43.935483870967744","4.741935483870968","0.0","14.025806451612906","40.76","-122.03999999999998"
"2012-08","Sacramento County","95.12903225806453","62.774193548387096","83.06451612903226","0.0","45.225806451612904","4.258064516129032","0.0","11.600000000000003","38.45000000000002","-121.34000000000006"
"2012-08","Santa Barbara County","77.41935483870968","63.12903225806452","72.80645161290323","0.0","57.45161290322581","6.387096774193548","0.0","11.600000000000003","34.539999999999985","-120.03999999999998"
"2012-08","Shasta County","92.93548387096774","53.483870967741936","81.7741935483871","0.0","37.03225806451613","4.774193548387097","0.0032258064516129032","11.525806451612906","40.76","-122.03999999999998"
"2012-09","Sacramento County","93.4","61.16666666666666","80.36666666666666","0.0","41.733333333333334","3.8","0.0","11.506666666666668","38.45000000000002","-121.34000000000006"
"2012-09","Santa Barbara County","77.16666666666667","62.766666666666666","71.9","0.0","55.93333333333333","6.666666666666667","0.0","11.553333333333336","34.539999999999985","-120.03999999999998"
"2012-09","Shasta County","88.26666666666667","48.13333333333333","74.2","0.0","38.1","4.466666666666667","0.0","11.546666666666669","40.76","-122.03999999999998"
"2012-10","Sacramento County","78.64516129032258","56.774193548387096","69.80645161290323","0.0","55.74193548387097","4.064516129032258","0.04516129032258064","11.003225806451612","38.45000000000002","-121.34000000000006"
"2012-10","Santa Barbara County","73.2258064516129","58.41935483870968","67.38709677419355","0.0","58.193548387096776","7.741935483870968","0.0032258064516129032","11.122580645161284","34.539999999999985","-120.03999999999998"
"2012-10","Shasta County","73.70967741935483","40.74193548387097","61.32258064516129","0.0","57.03225806451613","4.580645161290323","0.06774193548387096","10.874193548387098","40.76","-122.03999999999998"
"2012-11","Sacramento County","64.63333333333334","49.3","58.46666666666667","0.0","65.4","4.766666666666667","0.28","8.09333333333333","38.45000000000002","-121.34000000000006"
"2012-11","Santa Barbara County","66.4","53.6","61.1","0.0","60.53333333333333","7.666666666666667","0.013333333333333334","8.92666666666666","34.539999999999985","-120.03999999999998"
"2012-11","Shasta County","58.43333333333333","34.9","48.53333333333333","0.0","75.76666666666667","4.466666666666667","0.4466666666666666","7.919999999999996","40.76","-122.03999999999998"
"2012-12","Sacramento County","52.64516129032258","41.80645161290322","48.32258064516129","0.0","76.61290322580645","6.193548387096774","0.3387096774193548","6.803225806451612","38.45000000000002","-121.34000000000006"
"2012-12","Santa Barbara County","58.774193548387096","47.64516129032258","53.96774193548387","0.0","65.45161290322581","7.580645161290323","0.06774193548387097","7.912903225806449","34.539999999999985","-120.03999999999998"
"2012-12","Shasta County","45.74193548387097","27.70967741935484","38.03225806451613","2.0548387096774188","82.45161290322581","5.193548387096774","0.5580645161290323","6.822580645161291","40.76","-122.03999999999998"
"2013-01","Sacramento County","54.483870967741936","37.25806451612903","47.483870967741936","0.0","66.48387096774194","3.4516129032258065","0.02258064516129032","9.477419354838712","38.45000000000002","-121.34000000000006"
"2013-01","Santa Barbara County","58.96774193548387","45.96774193548387","53.64516129032258","0.0","55.29032258064516","7.225806451612903","0.03225806451612903","9.954838709677416","34.539999999999985","-120.03999999999998"
"2013-01","Shasta County","51.12903225806452","26.161290322580644","40.03225806451613","0.0129032258064516","72.35483870967742","5.354838709677419","0.035483870967741936","9.141935483870972","40.76","-122.03999999999998"
"2013-02","Sacramento County","61.25","38.10714285714285","51.92857142857143","0.0","64.67857142857143","4.785714285714286","0.024999999999999998","10.517857142857142","38.45000000000002","-121.34000000000005"
"2013-02","Santa Barbara County","60.535714285714285","46.142857142857146","54.392857142857146","0.0","56.035714285714285","7.428571428571429","0.017857142857142856","10.782142857142857","34.539999999999985","-120.03999999999998"
"2013-02","Shasta County","55.642857142857146","27.928571428571427","44.21428571428572","0.075","67.82142857142857","5.607142857142857","0.017857142857142856","10.285714285714288","40.76","-122.03999999999998"
"2013-03","Sacramento County","68.80645161290323","45.0","59.774193548387096","0.0","67.45161290322581","4.387096774193548","0.11290322580645161","10.958064516129031","38.45000000000002","-121.34000000000006"
"2013-03","Santa Barbara County","64.70967741935483","50.03225806451613","59.2258064516129","0.0","60.16129032258065","7.419354838709677","0.02903225806451613","11.338709677419358","34.539999999999985","-120.03999999999998"
"2013-03","Shasta County","61.96774193548387","33.16129032258065","51.2258064516129","0.0","68.70967741935483","4.838709677419355","0.15161290322580645","11.106451612903228","40.76","-122.03999999999998"
"2013-04","Sacramento County","76.03333333333333","49.2","66.66666666666667","0.0","58.56666666666667","5.666666666666667","0.03333333333333333","11.340000000000003","38.45000000000002","-121.34000000000006"
"2013-04","Santa Barbara County","66.9","50.86666666666667","61.833333333333336","0.0","61.266666666666666","8.766666666666667","0.0","11.6","34.539999999999985","-120.03999999999998"
"2013-04","Shasta County","69.16666666666667","36.833333333333336","59.3","0.0","58.06666666666667","6.8","0.060000000000000005","11.216666666666669","40.76","-122.03999999999998"
"2013-05","Sacramento County","82.58064516129032","53.61290322580645","73.06451612903226","0.0","49.32258064516129","5.129032258064516","0.009677419354838712","13.622580645161287","38.45000000000002","-121.34000000000006"
"2013-05","Santa Barbara County","71.54838709677419","55.67741935483871","66.58064516129032","0.0","56.45161290322581","10.290322580645162","0.0032258064516129032","13.387096774193548","34.539999999999985","-120.03999999999998"
"2013-05","Shasta County","75.74193548387096","41.12903225806452","66.96774193548387","0.0","53.74193548387097","5.806451612903226","0.05161290322580645","13.848387096774193","40.76","-122.03999999999998"
"2013-06","Sacramento County","90.96666666666668","60.63333333333333","81.16666666666667","0.0","47.333333333333336","4.633333333333334","0.03666666666666667","14.193333333333332","38.45000000000002","-121.34000000000006"
"2013-06","Santa Barbara County","74.06666666666666","57.93333333333333","69.6","0.0","60.666666666666664","7.733333333333333","0.0","14.43","34.539999999999985","-120.03999999999998"
"2013-06","Shasta County","85.2","50.13333333333333","77.06666666666666","0.0","50.4","5.633333333333334","0.06666666666666667","14.06","40.76","-122.03999999999998"
"2013-07","Sacramento County","96.83870967741936","63.516129032258064","85.58064516129032","0.0","42.354838709677416","4.419354838709677","0.0","13.71612903225807","38.45000000000002","-121.34000000000006"
"2013-07","Santa Barbara County","75.87096774193549","61.12903225806452","71.58064516129032","0.0","61.83870967741935","6.903225806451613","0.0","13.164516129032268","34.539999999999985","-120.03999999999998"
"2013-07","Shasta County","94.12903225806453","55.0","85.64516129032258","0.0","36.87096774193548","4.67741935483871","0.0064516129032258064","14.11935483870968","40.76","-122.03999999999998"
"2013-08","Sacramento County","92.90322580645162","61.32258064516129","81.83870967741936","0.0","50.87096774193548","4.225806451612903","0.009677419354838712","11.600000000000003","38.45000000000002","-121.34000000000006"
"2013-08","Santa Barbara County","76.12903225806451","60.516129032258064","71.09677419354838","0.0","59.38709677419355","6.967741935483871","0.0","11.600000000000003","34.539999999999985","-120.03999999999998"
"2013-08","Shasta County","88.19354838709677","49.935483870967744","78.41935483870968","0.0","43.38709677419355","4.580645161290323","0.0032258064516129032","11.490322580645165","40.76","-122.03999999999998"
"2013-09","Sacramento County","87.0","61.06666666666667","76.83333333333333","0.0","50.63333333333333","4.266666666666667","0.043333333333333335","11.550000000000002","38.45000000000002","-121.34000000000006"
"2013-09","Santa Barbara County","76.56666666666666","61.06666666666667","70.83333333333333","0.0","54.766666666666666","8.2","0.0","11.6","34.539999999999985","-120.03999999999998"
"2013-09","Shasta County","80.53333333333333","46.9","69.96666666666667","0.0","53.1","5.633333333333334","0.08","11.31","40.76","-122.03999999999998"
"2013-10","Sacramento County","77.96774193548387","52.87096774193548","67.83870967741936","0.0","39.38709677419355","4.161290322580645","0.012903225806451613","11.01290322580645","38.45000000000002","-121.34000000000006"
"2013-10","Santa Barbara County","69.7741935483871","54.83870967741935","64.03225806451613","0.0","54.54838709677419","6.451612903225806","0.0064516129032258064","11.209677419354833","34.539999999999985","-120.03999999999998"
"2013-10","Shasta County","72.93548387096774","37.64516129032258","58.67741935483871","0.0","46.064516129032256","5.612903225806452","0.0032258064516129032","11.016129032258064","40.76","-122.03999999999998"
"2013-11","Sacramento County","67.8","47.2","59.36666666666667","0.0","50.1","4.066666666666666","0.06000000000000001","8.879999999999995","38.45000000000002","-121.34000000000006"
"2013-11","Santa Barbara County","66.3","53.7","60.766666666666666","0.0","57.2","6.366666666666666","0.010000000000000002","9.093333333333328","34.539999999999985","-120.03999999999998"
"2013-11","Shasta County","63.3","33.233333333333334","49.766666666666666","0.0","56.333333333333336","4.966666666666667","0.03666666666666667","8.503333333333329","40.76","-122.03999999999998"
"2013-12","Sacramento County","56.96774193548387","38.87096774193548","49.516129032258064","0.0","51.516129032258064","3.870967741935484","0.03225806451612903","8.141935483870965","38.45000000000002","-121.34000000000006"
"2013-12","Santa Barbara County","62.54838709677419","49.03225806451613","56.64516129032258","0.0","47.774193548387096","6.193548387096774","0.00967741935483871","8.68387096774193","34.539999999999985","-120.03999999999998"
"2013-12","Shasta County","56.0","27.870967741935484","41.96774193548387","0.2161290322580645","55.58064516129032","5.67741935483871","0.012903225806451611","8.416129032258063","40.76","-122.03999999999998"
"2014-01","Sacramento County","63.774193548387096","43.03225806451613","55.096774193548384","0.0","52.645161290322584","3.3548387096774195","0.03548387096774193","9.683870967741935","38.45000000000002","-121.34000000000006"
"2014-01","Santa Barbara County","67.09677419354838","53.2258064516129","61.096774193548384","0.0","46.645161290322584","6.838709677419355","0.0","10.106451612903223","34.539999999999985","-120.03999999999998"
"2014-01","Shasta County","60.83870967741935","34.483870967741936","48.61290322580645","0.0","51.354838709677416","5.161290322580645","0.025806451612903226","9.258064516129036","40.76","-122.03999999999998"
"2014-02","Sacramento County","61.392857142857146","44.285714285714285","54.392857142857146","0.0","73.82142857142857","5.392857142857143","0.37857142857142856","9.521428571428572","38.45000000000002","-121.34000000000005"
"2014-02","Santa Barbara County","63.535714285714285","50.82142857142857","58.035714285714285","0.0","61.607142857142854","8.75","0.16428571428571428","10.571428571428571","34.539999999999985","-120.03999999999998"
"2014-02","Shasta County","53.892857142857146","31.892857142857142","45.07142857142857","0.0","76.78571428571429","4.678571428571429","0.2285714285714286","8.964285714285714","40.76","-122.03999999999998"
"2014-03","Sacramento County","67.06451612903226","46.45161290322581","59.193548387096776","0.0","71.35483870967742","5.096774193548387","0.15161290322580645","10.480645161290322","38.45000000000002","-121.34000000000006"
"2014-03","Santa Barbara County","65.38709677419355","51.064516129032256","59.80645161290322","0.0","62.74193548387097","8.612903225806452","0.05806451612903226","11.087096774193547","34.539999999999985","-120.03999999999998"
"2014-03","Shasta County","58.38709677419355","34.45161290322581","49.58064516129032","0.0","72.90322580645162","5.451612903225806","0.3419354838709677","10.1258064516129","40.76","-122.03999999999998"
"2014-04","Sacramento County","73.56666666666666","47.46666666666667","64.7","0.0","67.56666666666666","4.2","0.10333333333333333","10.97","38.45000000000002","-121.34000000000006"
"2014-04","Santa Barbara County","67.43333333333334","51.4","62.1","0.0","60.766666666666666","8.466666666666667","0.010000000000000002","11.473333333333334","34.539999999999985","-120.03999999999998"
"2014-04","Shasta County","67.96666666666667","36.2","58.36666666666667","0.0","63.86666666666667","5.1","0.03666666666666667","11.216666666666669","40.76","-122.03999999999998"
"2014-05","Sacramento County","82.61290322580645","53.74193548387097","73.51612903225806","0.0","49.29032258064516","4.935483870967742","0.0032258064516129032","13.416129032258064","38.45000000000002","-121.34000000000006"
"2014-05","Santa Barbara County","72.19354838709677","56.25806451612903","67.35483870967742","0.0","53.096774193548384","9.451612903225806","0.0","13.325806451612902","34.539999999999985","-120.03999999999998"
"2014-05","Shasta County","77.0","41.29032258064516","68.09677419354838","0.0","51.225806451612904","5.451612903225806","0.01935483870967742","13.703225806451613","40.76","-122.03999999999998"
"2014-06","Sacramento County","92.7","59.23333333333333","82.1","0.0","43.1","4.666666666666667","0.0","14.466666666666669","38.45000000000002","-121.34000000000006"
"2014-06","Santa Barbara County","73.93333333333334","58.03333333333333","69.76666666666667","0.0","59.4","7.8","0.0","14.5","34.539999999999985","-120.03999999999998"
"2014-06","Shasta County","86.46666666666667","48.46666666666667","77.66666666666667","0.0","42.53333333333333","5.6","0.0","14.5","40.76","-122.03999999999998"
"2014-07","Sacramento County","97.25806451612904","63.45161290322581","85.70967741935483","0.0","44.645161290322584","4.354838709677419","0.0064516129032258064","13.741935483870972","38.45000000000002","-121.34000000000006"
"2014-07","Santa Barbara County","77.09677419354838","62.80645161290322","72.83870967741936","0.0","64.80645161290323","6.935483870967742","0.009677419354838712","13.17741935483872","34.539999999999985","-120.03999999999998"
"2014-07","Shasta County","94.5483870967742","55.903225806451616","85.58064516129032","0.0","41.54838709677419","4.838709677419355","0.025806451612903226","14.11935483870968","40.76","-122.03999999999998"
"2014-08","Sacramento County","94.19354838709675","63.096774193548384","83.03225806451613","0.0","48.67741935483871","4.451612903225806","0.0","11.600000000000003","38.45000000000002","-121.34000000000006"
"2014-08","Santa Barbara County","77.19354838709677","61.80645161290322","72.38709677419355","0.0","63.064516129032256","6.354838709677419","0.0","11.600000000000003","34.539999999999985","-120.03999999999998"
"2014-08","Shasta County","89.87096774193549","54.0","80.3225806451613","0.0","44.29032258064516","4.645161290322581","0.009677419354838712","11.600000000000003","40.76","-122.03999999999998"
"2014-09","Sacramento County","89.66666666666667","62.03333333333333","79.13333333333334","0.0","52.233333333333334","4.066666666666666","0.02666666666666667","11.553333333333336","38.45000000000002","-121.34000000000006"
"2014-09","Santa Barbara County","77.76666666666667","62.8","72.23333333333333","0.0","61.06666666666667","7.6","0.0033333333333333335","11.6","34.539999999999985","-120.03999999999998"
"2014-09","Shasta County","84.5","48.6","73.53333333333333","0.0","48.03333333333333","5.2","0.08333333333333333","11.503333333333334","40.76","-122.03999999999998"
"2014-10","Sacramento County","81.64516129032258","59.29032258064516","72.64516129032258","0.0","47.225806451612904","4.193548387096774","0.03870967741935484","10.9258064516129","38.45000000000002","-121.34000000000006"
"2014-10","Santa Barbara County","75.61290322580645","61.064516129032256","69.83870967741936","0.0","55.32258064516129","6.548387096774194","0.01935483870967742","11.19354838709677","34.539999999999985","-120.03999999999998"
"2014-10","Shasta County","73.74193548387096","44.25806451612903","62.354838709677416","0.0","57.096774193548384","4.838709677419355","0.20967741935483872","10.36451612903226","40.76","-122.03999999999998"
"2014-11","Sacramento County","64.7","48.36666666666667","57.73333333333333","0.0","59.333333333333336","3.7333333333333334","0.043333333333333335","8.196666666666662","38.45000000000002","-121.34000000000006"
"2014-11","Santa Barbara County","68.6","56.36666666666667","63.66666666666666","0.0","56.5","6.9","0.006666666666666667","9.16666666666666","34.539999999999985","-120.03999999999998"
"2014-11","Shasta County","59.53333333333333","37.333333333333336","49.73333333333333","0.0","66.5","3.933333333333333","0.04666666666666667","7.939999999999998","40.76","-122.03999999999998"
"2014-12","Sacramento County","57.54838709677419","45.483870967741936","51.96774193548387","0.0","73.16129032258064","6.354838709677419","0.132258064516129","6.522580645161288","38.45000000000002","-121.34000000000006"
"2014-12","Santa Barbara County","61.2258064516129","52.354838709677416","57.38709677419355","0.0","65.45161290322581","8.935483870967742","0.07419354838709677","8.090322580645157","34.539999999999985","-120.03999999999998"
"2014-12","Shasta County","46.87096774193548","36.83870967741935","42.16129032258065","0.0","86.25806451612904","4.548387096774194","0.11612903225806452","5.925806451612903","40.76","-122.03999999999998"
"2015-01","Sacramento County","60.32258064516129","41.96774193548387","52.61290322580645","0.0","64.3225806451613","3.4193548387096775","0.0","9.358064516129035","38.45000000000002","-121.34000000000006"
"2015-01","Santa Barbara County","67.51612903225806","49.70967741935484","59.70967741935484","0.0","50.354838709677416","4.67741935483871","0.025806451612903226","9.929032258064511","34.539999999999985","-120.03999999999998"
"2015-01","Shasta County","58.70967741935484","35.54838709677419","48.16129032258065","0.0","66.96774193548387","3.903225806451613","0.025806451612903226","8.683870967741939","40.76","-122.03999999999998"
"2015-02","Sacramento County","66.25","46.10714285714285","57.785714285714285","0.0","69.35714285714286","4.928571428571429","0.1642857142857143","10.032142857142858","38.45000000000002","-121.34000000000005"
"2015-02","Santa Barbara County","69.82142857142857","49.71428571428572","61.285714285714285","0.0","59.035714285714285","5.571428571428571","0.04642857142857143","10.610714285714284","34.539999999999985","-120.03999999999998"
"2015-02","Shasta County","60.07142857142857","38.46428571428572","51.0","0.0","67.14285714285714","4.75","0.38571428571428573","9.710714285714287","40.76","-122.03999999999998"
"2015-03","Sacramento County","69.41935483870968","47.096774193548384","60.903225806451616","0.0","68.45161290322581","4.645161290322581","0.03225806451612903","10.238709677419356","38.45000000000002","-121.34000000000006"
"2015-03","Santa Barbara County","71.48387096774194","49.54838709677419","63.516129032258064","0.0","53.774193548387096","6.709677419354839","0.016129032258064516","10.525806451612906","34.539999999999985","-120.03999999999998"
"2015-03","Shasta County","62.96774193548387","38.61290322580645","53.2258064516129","0.0","65.19354838709677","4.354838709677419","0.07096774193548387","10.29354838709678","40.76","-122.03999999999998"
"2015-04","Sacramento County","72.2","47.66666666666666","63.46666666666667","0.0","61.03333333333333","5.566666666666666","0.08333333333333333","10.923333333333334","38.45000000000002","-121.34000000000006"
"2015-04","Santa Barbara County","70.63333333333334","47.63333333333333","63.0","0.0","53.8","7.366666666666666","0.020000000000000004","11.136666666666668","34.539999999999985","-120.03999999999998"
"2015-04","Shasta County","66.5","38.8","57.36666666666667","0.0","58.6","4.9","0.08333333333333333","11.053333333333336","40.76","-122.03999999999998"
"2015-05","Sacramento County","75.90322580645162","51.096774193548384","67.61290322580645","0.0","62.38709677419355","6.161290322580645","0.012903225806451613","13.209677419354838","38.45000000000002","-121.34000000000006"
"2015-05","Santa Barbara County","69.61290322580645","47.67741935483871","63.064516129032256","0.0","66.96774193548387","6.741935483870968","0.0064516129032258064","12.877419354838707","34.539999999999985","-120.03999999999998"
"2015-05","Shasta County","75.19354838709677","45.516129032258064","67.61290322580645","0.0","55.74193548387097","3.870967741935484","0.04516129032258064","13.725806451612904","40.76","-122.03999999999998"
"2015-06","Sacramento County","91.6","61.23333333333333","81.0","0.0","46.06666666666667","5.833333333333333","0.0","14.326666666666666","38.45000000000002","-121.34000000000006"
"2015-06","Santa Barbara County","81.0","56.93333333333333","74.36666666666666","0.0","54.9","5.833333333333333","0.010000000000000002","14.43","34.539999999999985","-120.03999999999998"
"2015-06","Shasta County","91.63333333333334","56.63333333333333","82.3","0.0","41.0","4.366666666666666","0.010000000000000002","14.396666666666668","40.76","-122.03999999999998"
"2015-07","Sacramento County","92.19354838709675","63.38709677419355","82.29032258064517","0.0","49.096774193548384","6.290322580645161","0.0","13.725806451612907","38.45000000000002","-121.34000000000006"
"2015-07","Santa Barbara County","80.45161290322581","58.83870967741935","74.45161290322581","0.0","62.935483870967744","5.774193548387097","0.08709677419354839","13.17741935483872","34.539999999999985","-120.03999999999998"
"2015-07","Shasta County","91.96774193548389","58.58064516129032","83.54838709677419","0.0","43.61290322580645","4.129032258064516","0.025806451612903226","14.11935483870968","40.76","-122.03999999999998"
"2015-08","Sacramento County","92.5483870967742","62.29032258064516","81.6774193548387","0.0","49.87096774193548","5.483870967741935","0.0","11.525806451612905","38.45000000000002","-121.34000000000006"
"2015-08","Santa Barbara County","85.83870967741936","61.87096774193548","78.51612903225806","0.0","54.41935483870968","6.516129032258065","0.0","11.445161290322584","34.539999999999985","-120.03999999999998"
"2015-08","Shasta County","90.6774193548387","56.38709677419355","80.38709677419355","0.0","41.29032258064516","4.129032258064516","0.012903225806451613","11.36451612903226","40.76","-122.03999999999998"
"2015-09","Sacramento County","91.3","63.333333333333336","80.33333333333333","0.0","38.666666666666664","4.633333333333334","0.0033333333333333335","11.150000000000002","38.45000000000002","-121.34000000000006"
"2015-09","Santa Barbara County","84.8","62.8","76.9","0.0","51.166666666666664","5.466666666666667","0.013333333333333332","11.293333333333337","34.539999999999985","-120.03999999999998"
"2015-09","Shasta County","85.2","54.333333333333336","73.83333333333333","0.0","39.43333333333333","4.133333333333334","0.016666666666666666","10.973333333333334","40.76","-122.03999999999998"
"2015-10","Sacramento County","82.58064516129032","60.32258064516129","73.38709677419355","0.0","51.29032258064516","4.32258064516129","0.012903225806451613","10.729032258064514","38.45000000000002","-121.34000000000006"
"2015-10","Santa Barbara County","81.25806451612904","60.193548387096776","72.93548387096774","0.0","53.41935483870968","6.258064516129032","0.02903225806451613","11.138709677419351","34.539999999999985","-120.03999999999998"
"2015-10","Shasta County","77.48387096774194","48.64516129032258","66.03225806451613","0.0","49.29032258064516","4.064516129032258","0.016129032258064516","10.887096774193546","40.76","-122.03999999999998"
"2015-11","Sacramento County","60.9","44.2","54.1","0.0","60.6","4.7","0.10666666666666667","8.459999999999996","38.45000000000002","-121.34000000000006"
"2015-11","Santa Barbara County","68.66666666666667","46.86666666666667","59.3","0.0","49.733333333333334","6.266666666666667","0.016666666666666666","9.249999999999996","34.539999999999985","-120.03999999999998"
"2015-11","Shasta County","56.53333333333333","33.3","46.16666666666666","0.0","63.7","3.9","0.09000000000000001","8.509999999999994","40.76","-122.03999999999998"
"2015-12","Sacramento County","53.41935483870968","40.80645161290322","48.29032258064516","0.0","71.54838709677419","5.774193548387097","0.19677419354838713","7.641935483870965","38.45000000000002","-121.34000000000006"
"2015-12","Santa Barbara County","62.2258064516129","43.74193548387097","54.41935483870968","0.0","54.645161290322584","7.064516129032258","0.01935483870967742","7.86774193548387","34.539999999999985","-120.03999999999998"
"2015-12","Shasta County","45.80645161290322","30.387096774193548","39.64516129032258","0.232258064516129","84.41935483870968","3.967741935483871","0.3774193548387097","6.712903225806451","40.76","-122.03999999999998"
"2016-01","Sacramento County","55.096774193548384","44.12903225806452","50.61290322580645","0.0","80.0","6.548387096774194","0.25483870967741934","7.916129032258064","38.45000000000002","-121.34000000000006"
"2016-01","Santa Barbara County","61.903225806451616","45.12903225806452","54.64516129032258","0.0","69.38709677419355","6.548387096774194","0.16774193548387098","9.187096774193549","34.539999999999985","-120.03999999999998"
"2016-01","Shasta County","46.80645161290322","33.03225806451613","41.38709677419355","0.0","89.90322580645162","3.7096774193548385","0.7290322580645162","6.851612903225806","40.76","-122.03999999999998"
"2016-02","Sacramento County","65.03571428571429","44.96428571428572","56.892857142857146","0.0","70.85714285714286","4.678571428571429","0.04642857142857142","9.932142857142855","38.45000000000002","-121.34000000000005"
"2016-02","Santa Barbara County","73.39285714285714","49.67857142857143","63.07142857142857","0.0","47.75","6.107142857142857","0.028571428571428574","10.364285714285714","34.539999999999985","-120.03999999999998"
"2016-02","Shasta County","58.535714285714285","35.464285714285715","48.57142857142857","0.0","73.10714285714286","3.75","0.15714285714285717","9.789285714285716","40.76","-122.03999999999998"
"2016-03","Sacramento County","64.48387096774194","47.0","57.80645161290322","0.0","77.70967741935483","6.193548387096774","0.3225806451612903","9.709677419354838","38.45000000000002","-121.34000000000006"
"2016-03","Santa Barbara County","69.35483870967742","47.83870967741935","61.45161290322581","0.0","62.935483870967744","8.161290322580646","0.14193548387096774","10.925806451612909","34.539999999999985","-120.03999999999998"
"2016-03","Shasta County","57.483870967741936","37.03225806451613","49.903225806451616","0.0","81.09677419354838","5.032258064516129","0.6032258064516128","9.438709677419356","40.76","-122.03999999999998"
"2016-04","Sacramento County","70.53333333333333","48.73333333333333","63.1","0.0","68.2","5.833333333333333","0.09000000000000001","10.463333333333336","38.45000000000002","-121.34000000000006"
"2016-04","Santa Barbara County","70.73333333333333","48.766666666666666","63.266666666666666","0.0","59.56666666666667","8.133333333333333","0.023333333333333334","10.620000000000005","34.539999999999985","-120.03999999999998"
"2016-04","Shasta County","65.76666666666667","41.13333333333333","57.7","0.0","67.9","4.966666666666667","0.11666666666666667","10.473333333333334","40.76","-122.03999999999998"
"2016-05","Sacramento County","77.51612903225806","54.38709677419355","69.87096774193549","0.0","61.25806451612903","5.225806451612903","0.025806451612903222","13.161290322580646","38.45000000000002","-121.34000000000006"
"2016-05","Santa Barbara County","70.58064516129032","50.12903225806452","64.35483870967742","0.0","68.3225806451613","6.741935483870968","0.016129032258064516","13.077419354838709","34.539999999999985","-120.03999999999998"
"2016-05","Shasta County","73.70967741935483","47.064516129032256","66.35483870967742","0.0","59.70967741935484","4.0","0.05161290322580645","13.399999999999997","40.76","-122.03999999999998"
"2016-06","Sacramento County","92.06666666666666","60.2","81.73333333333333","0.0","43.43333333333333","5.466666666666667","0.0","14.326666666666664","38.45000000000002","-121.34000000000006"
"2016-06","Santa Barbara County","83.73333333333333","58.333333333333336","76.76666666666667","0.0","47.46666666666667","6.133333333333334","0.0033333333333333335","14.213333333333331","34.539999999999985","-120.03999999999998"
"2016-06","Shasta County","85.63333333333334","53.86666666666667","76.46666666666667","0.0","45.1","4.3","0.05999999999999999","14.226666666666668","40.76","-122.03999999999998"
"2016-07","Sacramento County","93.6774193548387","60.935483870967744","83.09677419354838","0.0","44.516129032258064","5.193548387096774","0.0","13.26129032258065","38.45000000000002","-121.34000000000006"
"2016-07","Santa Barbara County","80.93548387096774","59.12903225806452","74.6774193548387","0.0","57.38709677419355","5.548387096774194","0.0064516129032258064","12.758064516129036","34.539999999999985","-120.03999999999998"
"2016-07","Shasta County","91.90322580645162","58.83870967741935","83.03225806451613","0.0","39.516129032258064","4.580645161290323","0.0","13.416129032258068","40.76","-122.03999999999998"
"2016-08","Sacramento County","92.74193548387096","61.16129032258065","80.80645161290323","0.0","51.064516129032256","4.806451612903226","0.0032258064516129032","11.600000000000003","38.45000000000002","-121.34000000000006"
"2016-08","Santa Barbara County","83.74193548387096","58.12903225806452","75.70967741935483","0.0","55.483870967741936","6.0","0.0","11.600000000000003","34.539999999999985","-120.03999999999998"
"2016-08","Shasta County","94.64516129032258","58.096774193548384","83.45161290322581","0.0","35.483870967741936","3.903225806451613","0.0","11.600000000000003","40.76","-122.03999999999998"
"2016-09","Sacramento County","90.23333333333332","60.53333333333333","78.8","0.0","45.2","4.4","0.0","11.55","38.45000000000002","-121.34000000000006"
"2016-09","Santa Barbara County","82.16666666666667","56.6","73.53333333333333","0.0","50.86666666666667","5.966666666666667","0.0","11.6","34.539999999999985","-120.03999999999998"
"2016-09","Shasta County","86.16666666666667","52.63333333333333","73.66666666666667","0.0","36.2","4.633333333333334","0.0","11.543333333333331","40.76","-122.03999999999998"
"2016-10","Sacramento County","74.87096774193549","55.58064516129032","67.16129032258064","0.0","62.483870967741936","4.483870967741935","0.1806451612903226","9.9258064516129","38.45000000000002","-121.34000000000006"
"2016-10","Santa Barbara County","76.3225806451613","54.16129032258065","67.70967741935483","0.0","56.483870967741936","6.225806451612903","0.025806451612903226","10.5258064516129","34.539999999999985","-120.03999999999998"
"2016-10","Shasta County","64.7741935483871","43.61290322580645","56.74193548387097","0.0","71.61290322580645","4.612903225806452","0.6129032258064516","9.341935483870968","40.76","-122.03999999999998"
"2016-11","Sacramento County","65.73333333333333","48.73333333333333","58.73333333333333","0.0","71.7","3.7","0.12000000000000001","8.46333333333333","38.45000000000002","-121.34000000000006"
"2016-11","Santa Barbara County","72.3","50.73333333333333","62.86666666666667","0.0","52.13333333333333","5.966666666666667","0.06333333333333334","8.859999999999994","34.539999999999985","-120.03999999999998"
"2016-11","Shasta County","56.333333333333336","36.36666666666667","47.43333333333333","0.0","80.1","2.6333333333333333","0.26","7.419999999999999","40.76","-122.03999999999998"
"2016-12","Sacramento County","54.096774193548384","40.38709677419355","48.354838709677416","0.0","77.19354838709677","4.870967741935484","0.16774193548387098","7.361290322580642","38.45000000000002","-121.34000000000006"
"2016-12","Santa Barbara County","62.96774193548387","45.64516129032258","55.32258064516129","0.0","58.74193548387097","5.709677419354839","0.10967741935483871","7.961290322580643","34.539999999999985","-120.03999999999998"
"2016-12","Shasta County","48.32258064516129","29.483870967741936","40.096774193548384","0.2709677419354839","76.09677419354838","4.258064516129032","0.3774193548387097","7.393548387096772","40.76","-122.03999999999998"
"2017-01","Sacramento County","52.87096774193548","40.483870967741936","47.54838709677419","0.0","84.3225806451613","7.645161290322581","0.4709677419354839","7.590322580645162","38.45000000000002","-121.34000000000006"
"2017-01","Santa Barbara County","58.32258064516129","43.03225806451613","52.096774193548384","0.0","73.12903225806451","6.354838709677419","0.4064516129032258","9.022580645161288","34.539999999999985","-120.03999999999998"
"2017-01","Shasta County","45.64516129032258","29.870967741935484","39.483870967741936","0.6225806451612902","83.45161290322581","5.161290322580645","0.5967741935483871","7.6322580645161295","40.76","-122.03999999999998"
"2017-02","Sacramento County","57.57142857142857","44.75","52.535714285714285","0.0","84.10714285714286","7.107142857142857","0.4857142857142857","8.424999999999999","38.45000000000002","-121.34000000000005"
"2017-02","Santa Barbara County","59.892857142857146","45.46428571428572","54.035714285714285","0.0","77.89285714285714","7.25","0.42857142857142855","9.07142857142857","34.539999999999985","-120.03999999999998"
"2017-02","Shasta County","49.785714285714285","34.285714285714285","43.92857142857143","0.2035714285714285","85.53571428571429","5.75","0.7357142857142858","8.560714285714285","40.76","-122.03999999999998"
"2017-03","Sacramento County","65.0","46.41935483870968","57.61290322580645","0.0","78.19354838709677","5.0","0.15161290322580645","10.41935483870968","38.45000000000002","-121.34000000000006"
"2017-03","Santa Barbara County","69.96774193548387","48.193548387096776","61.903225806451616","0.0","59.45161290322581","7.064516129032258","0.01935483870967742","11.0741935483871","34.539999999999985","-120.03999999999998"
"2017-03","Shasta County","57.83870967741935","36.67741935483871","49.70967741935484","0.1838709677419354","81.19354838709677","3.935483870967742","0.3548387096774194","9.83225806451613","40.76","-122.03999999999998"
"2017-04","Sacramento County","67.0","48.333333333333336","60.46666666666667","0.0","72.63333333333334","5.3","0.12000000000000001","10.38","38.45000000000002","-121.34000000000006"
"2017-04","Santa Barbara County","71.86666666666666","49.06666666666667","64.33333333333333","0.0","55.6","7.9","0.04666666666666666","11.130000000000004","34.539999999999985","-120.03999999999998"
"2017-04","Shasta County","60.0","37.0","52.4","0.0","75.03333333333333","4.5","0.35","10.263333333333334","40.76","-122.03999999999998"
"2017-05","Sacramento County","80.3225806451613","53.83870967741935","71.38709677419355","0.0","59.29032258064516","5.354838709677419","0.009677419354838712","13.583870967741934","38.45000000000002","-121.34000000000006"
"2017-05","Santa Barbara County","74.19354838709677","50.80645161290322","67.2258064516129","0.0","59.12903225806452","7.354838709677419","0.00967741935483871","13.267741935483867","34.539999999999985","-120.03999999999998"
"2017-05","Shasta County","76.6774193548387","46.45161290322581","68.3225806451613","0.0","55.32258064516129","4.483870967741935","0.035483870967741936","13.748387096774191","40.76","-122.03999999999998"
"2017-06","Sacramento County","90.7","60.833333333333336","80.8","0.0","50.56666666666667","5.466666666666667","0.006666666666666667","14.156666666666668","38.45000000000002","-121.34000000000006"
"2017-06","Santa Barbara County","82.93333333333334","56.8","75.86666666666666","0.0","52.3","7.133333333333334","0.0","14.463333333333331","34.539999999999985","-120.03999999999998"
"2017-06","Shasta County","86.43333333333334","54.1","78.2","0.0","48.5","4.666666666666667","0.056666666666666664","14.363333333333332","40.76","-122.03999999999998"
"2017-07","Sacramento County","100.12903225806453","67.03225806451613","89.06451612903226","0.0","37.16129032258065","4.870967741935484","0.0","13.741935483870972","38.45000000000002","-121.34000000000006"
"2017-07","Santa Barbara County","85.80645161290323","60.903225806451616","78.93548387096774","0.0","53.0","4.774193548387097","0.009677419354838712","13.164516129032268","34.539999999999985","-120.03999999999998"
"2017-07","Shasta County","97.4516129032258","60.0","88.09677419354838","0.0","32.45161290322581","3.967741935483871","0.0","14.112903225806456","40.76","-122.03999999999998"
"2017-08","Sacramento County","98.19354838709675","69.6774193548387","87.0","0.0","43.45161290322581","4.612903225806452","0.009677419354838712","11.600000000000003","38.45000000000002","-121.34000000000006"
"2017-08","Santa Barbara County","85.58064516129032","63.83870967741935","77.83870967741936","0.0","57.58064516129032","4.903225806451613","0.01935483870967742","11.600000000000003","34.539999999999985","-120.03999999999998"
"2017-08","Shasta County","99.70967741935485","65.70967741935483","88.93548387096774","0.0","30.580645161290324","3.7419354838709675","0.0064516129032258064","11.600000000000003","40.76","-122.03999999999998"
"2017-09","Sacramento County","91.36666666666666","68.23333333333333","82.16666666666667","0.0","41.233333333333334","4.033333333333333","0.006666666666666667","11.460000000000004","38.45000000000002","-121.34000000000006"
"2017-09","Santa Barbara County","81.5","61.03333333333333","73.36666666666666","0.0","55.833333333333336","5.533333333333333","0.03666666666666666","11.513333333333335","34.539999999999985","-120.03999999999998"
"2017-09","Shasta County","86.7","56.46666666666667","75.83333333333333","0.0","38.333333333333336","4.2","0.010000000000000002","11.546666666666669","40.76","-122.03999999999998"
"2017-10","Sacramento County","82.6774193548387","60.483870967741936","73.83870967741936","0.0","33.935483870967744","4.290322580645161","0.00967741935483871","11.019354838709676","38.45000000000002","-121.34000000000006"
"2017-10","Santa Barbara County","81.03225806451613","58.935483870967744","72.29032258064517","0.0","38.45161290322581","4.903225806451613","0.0","11.12903225806451","34.539999999999985","-120.03999999999998"
"2017-10","Shasta County","76.54838709677419","46.80645161290322","64.38709677419355","0.0","37.064516129032256","4.67741935483871","0.02258064516129032","10.770967741935484","40.76","-122.03999999999998"
"2017-11","Sacramento County","65.43333333333334","52.5","60.1","0.0","67.7","3.3","0.16333333333333336","8.126666666666663","38.45000000000002","-121.34000000000006"
"2017-11","Santa Barbara County","72.13333333333334","53.96666666666667","64.06666666666666","0.0","56.96666666666667","4.466666666666667","0.0033333333333333335","8.709999999999996","34.539999999999985","-120.03999999999998"
"2017-11","Shasta County","56.63333333333333","39.8","49.3","0.0","77.43333333333334","3.2333333333333334","0.38333333333333336","7.053333333333331","40.76","-122.03999999999998"
"2017-12","Sacramento County","59.96774193548387","45.0","53.64516129032258","0.0","53.38709677419355","3.5483870967741935","0.0032258064516129032","7.9193548387096735","38.45000000000002","-121.34000000000006"
"2017-12","Santa Barbara County","70.54838709677419","50.903225806451616","61.516129032258064","0.0","34.935483870967744","4.032258064516129","0.0","8.41612903225806","34.539999999999985","-120.03999999999998"
"2017-12","Shasta County","59.0","35.61290322580645","47.903225806451616","0.0","52.645161290322584","3.903225806451613","0.02258064516129032","8.022580645161286","40.76","-122.03999999999998"
"2018-01","Sacramento County","59.87096774193548","47.38709677419355","54.483870967741936","0.0","77.0","3.225806451612903","0.2064516129032258","9.045161290322582","38.45000000000002","-121.34000000000006"
"2018-01","Santa Barbara County","68.2258064516129","51.096774193548384","60.74193548387097","0.0","53.806451612903224","5.193548387096774","0.10322580645161289","9.890322580645158","34.539999999999985","-120.03999999999998"
"2018-01","Shasta County","54.58064516129032","38.354838709677416","47.61290322580645","0.0","79.6774193548387","2.838709677419355","0.23225806451612904","7.861290322580648","40.76","-122.03999999999998"
"2018-02","Sacramento County","63.10714285714285","44.642857142857146","55.82142857142857","0.0","57.82142857142857","4.357142857142857","0.02142857142857143","10.296428571428573","38.45000000000002","-121.34000000000005"
"2018-02","Santa Barbara County","65.75","46.535714285714285","57.785714285714285","0.0","49.464285714285715","5.357142857142857","0.0035714285714285718","10.910714285714286","34.539999999999985","-120.03999999999998"
"2018-02","Shasta County","58.17857142857143","33.357142857142854","47.785714285714285","0.0964285714285714","54.92857142857143","4.428571428571429","0.042857142857142864","10.217857142857143","40.76","-122.03999999999998"
"2018-03","Sacramento County","62.774193548387096","46.64516129032258","56.61290322580645","0.0","72.41935483870968","4.870967741935484","0.3096774193548387","10.061290322580648","38.45000000000002","-121.34000000000006"
"2018-03","Santa Barbara County","62.516129032258064","46.193548387096776","56.38709677419355","0.0","69.64516129032258","5.483870967741935","0.2903225806451613","9.812903225806451","34.539999999999985","-120.03999999999998"
"2018-03","Shasta County","55.03225806451613","34.38709677419355","47.67741935483871","0.1516129032258064","77.06451612903226","4.129032258064516","0.3741935483870968","9.209677419354838","40.76","-122.03999999999998"
"2018-04","Sacramento County","69.76666666666667","51.13333333333333","63.2","0.0","64.93333333333334","4.366666666666666","0.06333333333333334","10.713333333333331","38.45000000000002","-121.34000000000006"
"2018-04","Santa Barbara County","70.73333333333333","49.333333333333336","63.16666666666666","0.0","61.166666666666664","6.333333333333333","0.0033333333333333335","11.42666666666667","34.539999999999985","-120.03999999999998"
"2018-04","Shasta County","64.76666666666667","41.4","56.86666666666667","0.0","66.03333333333333","3.6","0.14","10.936666666666667","40.76","-122.03999999999998"
"2018-05","Sacramento County","78.64516129032258","55.87096774193548","70.61290322580645","0.0","58.645161290322584","5.193548387096774","0.02903225806451613","13.409677419354836","38.45000000000002","-121.34000000000006"
"2018-05","Santa Barbara County","71.83870967741936","50.16129032258065","64.74193548387096","0.0","67.64516129032258","5.741935483870968","0.0032258064516129032","12.94838709677419","34.539999999999985","-120.03999999999998"
"2018-05","Shasta County","77.87096774193549","50.87096774193548","70.41935483870968","0.0","56.903225806451616","3.6774193548387095","0.06451612903225806","13.78064516129032","40.76","-122.03999999999998"
"2018-06","Sacramento County","92.06666666666666","63.766666666666666","82.43333333333334","0.0","42.233333333333334","4.933333333333334","0.0","14.5","38.45000000000002","-121.34000000000006"
"2018-06","Santa Barbara County","79.53333333333333","55.8","72.43333333333334","0.0","56.2","4.9","0.0","14.463333333333331","34.539999999999985","-120.03999999999998"
"2018-06","Shasta County","89.36666666666666","55.36666666666667","80.4","0.0","39.96666666666667","4.3","0.006666666666666667","14.396666666666668","40.76","-122.03999999999998"
"2018-07","Sacramento County","99.12903225806453","69.87096774193549","88.51612903225806","0.0","38.483870967741936","4.580645161290323","0.025806451612903226","13.70645161290323","38.45000000000002","-121.34000000000006"
"2018-07","Santa Barbara County","88.0","64.70967741935483","80.41935483870968","0.0","53.645161290322584","4.516129032258065","0.02903225806451613","13.070967741935492","34.539999999999985","-120.03999999999998"
"2018-07","Shasta County","99.61290322580643","63.516129032258064","90.41935483870968","0.0","30.161290322580644","3.935483870967742","0.0064516129032258064","14.11935483870968","40.76","-122.03999999999998"
"2018-08","Sacramento County","94.96774193548389","67.3225806451613","84.41935483870968","0.0","42.74193548387097","4.225806451612903","0.0","11.600000000000003","38.45000000000002","-121.34000000000006"
"2018-08","Santa Barbara County","86.19354838709677","63.483870967741936","78.45161290322581","0.0","51.16129032258065","4.903225806451613","0.0032258064516129032","11.558064516129036","34.539999999999985","-120.03999999999998"
"2018-08","Shasta County","95.0","60.935483870967744","84.41935483870968","0.0","28.096774193548388","3.935483870967742","0.0","11.561290322580648","40.76","-122.03999999999998"
"2018-09","Sacramento County","91.8","64.06666666666666","80.8","0.0","40.8","3.6","0.0","11.553333333333336","38.45000000000002","-121.34000000000006"
"2018-09","Santa Barbara County","82.16666666666667","59.56666666666667","73.43333333333334","0.0","55.166666666666664","4.366666666666666","0.0","11.553333333333336","34.539999999999985","-120.03999999999998"
"2018-09","Shasta County","87.8","53.833333333333336","75.63333333333334","0.0","30.8","4.1","0.006666666666666667","11.406666666666668","40.76","-122.03999999999998"
"2018-10","Sacramento County","81.0","60.58064516129032","72.74193548387096","0.0","42.935483870967744","3.967741935483871","0.05161290322580645","11.061290322580644","38.45000000000002","-121.34000000000006"
"2018-10","Santa Barbara County","77.7741935483871","57.96774193548387","69.54838709677419","0.0","52.03225806451613","4.741935483870968","0.009677419354838712","11.054838709677414","34.539999999999985","-120.03999999999998"
"2018-10","Shasta County","76.19354838709677","48.45161290322581","64.74193548387096","0.0","44.064516129032256","4.387096774193548","0.041935483870967745","10.970967741935484","40.76","-122.03999999999998"
"2018-11","Sacramento County","69.7","52.5","62.8","0.0","44.06666666666667","4.133333333333334","0.18000000000000002","8.256666666666664","38.45000000000002","-121.34000000000006"
"2018-11","Santa Barbara County","71.46666666666667","54.0","63.766666666666666","0.0","48.53333333333333","4.766666666666667","0.08666666666666666","8.62333333333333","34.539999999999985","-120.03999999999998"
"2018-11","Shasta County","65.66666666666667","41.333333333333336","54.2","0.0","48.8","4.0","0.23666666666666666","7.809999999999998","40.76","-122.03999999999998"
"2018-12","Sacramento County","57.74193548387097","45.74193548387097","52.67741935483871","0.0","68.2258064516129","4.096774193548387","0.11612903225806452","7.98064516129032","38.45000000000002","-121.34000000000006"
"2018-12","Santa Barbara County","64.09677419354838","48.096774193548384","56.74193548387097","0.0","58.12903225806452","5.516129032258065","0.03225806451612903","8.412903225806447","34.539999999999985","-120.03999999999998"
"2018-12","Shasta County","51.83870967741935","34.483870967741936","44.483870967741936","0.0","75.16129032258064","3.3548387096774195","0.2","7.164516129032256","40.76","-122.03999999999998"
"2019-01","Sacramento County","58.87096774193548","46.516129032258064","53.903225806451616","0.0","74.0","6.161290322580645","0.23548387096774195","8.545161290322582","38.45000000000002","-121.34000000000006"
"2019-01","Santa Barbara County","61.935483870967744","46.87096774193548","55.774193548387096","0.0","67.61290322580645","4.870967741935484","0.2903225806451613","9.264516129032256","34.539999999999985","-120.03999999999998"
"2019-01","Shasta County","52.70967741935484","36.32258064516129","46.12903225806452","0.0","76.45161290322581","4.129032258064516","0.5129032258064516","7.454838709677421","40.76","-122.03999999999998"
"2019-02","Sacramento County","54.142857142857146","41.82142857142857","48.96428571428572","0.0","74.64285714285714","8.285714285714286","0.49642857142857144","8.875","38.45000000000002","-121.34000000000005"
"2019-02","Santa Barbara County","55.46428571428572","41.60714285714285","49.785714285714285","0.0","71.89285714285714","6.535714285714286","0.2857142857142857","9.921428571428567","34.539999999999985","-120.03999999999998"
"2019-02","Shasta County","43.10714285714285","30.321428571428573","38.32142857142857","0.3214285714285715","88.32142857142857","4.357142857142857","0.6857142857142857","7.9107142857142865","40.76","-122.03999999999998"
"2019-03","Sacramento County","61.903225806451616","47.2258064516129","56.25806451612903","0.0","73.19354838709677","5.354838709677419","0.2","10.087096774193547","38.45000000000002","-121.34000000000006"
"2019-03","Santa Barbara County","63.83870967741935","45.903225806451616","56.67741935483871","0.0","70.87096774193549","5.645161290322581","0.14838709677419357","10.703225806451613","34.539999999999985","-120.03999999999998"
"2019-03","Shasta County","53.80645161290322","35.0","47.064516129032256","0.0","79.58064516129032","4.096774193548387","0.47419354838709676","9.283870967741937","40.76","-122.03999999999998"
"2019-04","Sacramento County","73.23333333333333","54.86666666666667","66.53333333333333","0.0","65.83333333333333","4.7","0.07","10.66","38.45000000000002","-121.34000000000006"
"2019-04","Santa Barbara County","70.83333333333333","49.833333333333336","63.7","0.0","66.1","5.766666666666667","0.013333333333333334","11.260000000000002","34.539999999999985","-120.03999999999998"
"2019-04","Shasta County","68.36666666666666","45.06666666666667","60.833333333333336","0.0","69.56666666666666","4.066666666666666","0.31","10.146666666666668","40.76","-122.03999999999998"
"2019-05","Sacramento County","75.2258064516129","54.16129032258065","67.41935483870968","0.0","63.096774193548384","5.451612903225806","0.14838709677419354","12.829032258064515","38.45000000000002","-121.34000000000006"
"2019-05","Santa Barbara County","67.6774193548387","49.12903225806452","61.87096774193548","0.0","72.7741935483871","5.806451612903226","0.041935483870967745","12.66774193548387","34.539999999999985","-120.03999999999998"
"2019-05","Shasta County","72.58064516129032","48.193548387096776","65.7741935483871","0.0","62.03225806451613","4.548387096774194","0.267741935483871","13.106451612903228","40.76","-122.03999999999998"
"2019-06","Sacramento County","91.53333333333332","62.86666666666667","81.76666666666667","0.0","44.733333333333334","5.2","0.0","14.156666666666665","38.45000000000002","-121.34000000000006"
"2019-06","Santa Barbara County","77.23333333333333","55.766666666666666","70.96666666666667","0.0","64.93333333333334","4.133333333333334","0.0033333333333333335","14.323333333333332","34.539999999999985","-120.03999999999998"
"2019-06","Shasta County","87.86666666666666","54.73333333333333","79.23333333333333","0.0","38.733333333333334","5.233333333333333","0.013333333333333332","14.4","40.76","-122.03999999999998"
"2019-07","Sacramento County","95.87096774193547","62.83870967741935","84.70967741935483","0.0","46.16129032258065","5.290322580645161","0.0","13.709677419354843","38.45000000000002","-121.34000000000006"
"2019-07","Santa Barbara County","84.87096774193549","58.54838709677419","77.29032258064517","0.0","52.58064516129032","4.516129032258065","0.0032258064516129032","13.141935483870975","34.539999999999985","-120.03999999999998"
"2019-07","Shasta County","94.16129032258064","57.193548387096776","85.19354838709677","0.0","35.193548387096776","5.032258064516129","0.0","14.08709677419355","40.76","-122.03999999999998"
"2019-08","Sacramento County","97.25806451612904","64.51612903225806","85.38709677419355","0.0","47.32258064516129","4.870967741935484","0.0064516129032258064","11.600000000000003","38.45000000000002","-121.34000000000006"
"2019-08","Santa Barbara County","86.06451612903226","59.193548387096776","77.38709677419355","0.0","54.83870967741935","4.419354838709677","0.0","11.522580645161293","34.539999999999985","-120.03999999999998"
"2019-08","Shasta County","95.80645161290325","59.54838709677419","84.70967741935483","0.0","32.54838709677419","4.516129032258065","0.035483870967741936","11.525806451612906","40.76","-122.03999999999998"
"2019-09","Sacramento County","88.9","62.833333333333336","78.5","0.0","47.666666666666664","4.6","0.03333333333333333","11.466666666666669","38.45000000000002","-121.34000000000006"
"2019-09","Santa Barbara County","84.13333333333334","58.0","74.53333333333333","0.0","50.06666666666667","5.566666666666666","0.006666666666666667","11.466666666666669","34.539999999999985","-120.03999999999998"
"2019-09","Shasta County","83.03333333333333","51.06666666666667","72.03333333333333","0.0","43.93333333333333","4.9","0.07333333333333333","11.36","40.76","-122.03999999999998"
"2019-10","Sacramento County","81.70967741935483","56.096774193548384","71.0","0.0","32.29032258064516","3.870967741935484","0.0","10.961290322580645","38.45000000000002","-121.34000000000006"
"2019-10","Santa Barbara County","80.35483870967742","53.12903225806452","69.61290322580645","0.0","36.32258064516129","5.096774193548387","0.0","11.148387096774186","34.539999999999985","-120.03999999999998"
"2019-10","Shasta County","73.12903225806451","41.774193548387096","60.38709677419355","0.0","32.225806451612904","5.645161290322581","0.012903225806451613","10.858064516129032","40.76","-122.03999999999998"
"2019-11","Sacramento County","71.13333333333334","50.73333333333333","62.36666666666667","0.0","49.56666666666667","3.6333333333333333","0.05666666666666667","8.483333333333329","38.45000000000002","-121.34000000000006"
"2019-11","Santa Barbara County","72.1","49.8","62.56666666666667","0.0","48.63333333333333","4.766666666666667","0.07","8.839999999999996","34.539999999999985","-120.03999999999998"
"2019-11","Shasta County","68.4","41.766666666666666","56.36666666666667","1.1166666666666667","46.86666666666667","4.3","0.09666666666666666","8.43333333333333","40.76","-122.03999999999998"
"2019-12","Sacramento County","57.064516129032256","46.903225806451616","52.774193548387096","0.0","77.2258064516129","5.580645161290323","0.20967741935483872","6.916129032258063","38.45000000000002","-121.34000000000006"
"2019-12","Santa Barbara County","61.193548387096776","45.67741935483871","54.41935483870968","0.0","67.7741935483871","6.0","0.1903225806451613","7.487096774193549","34.539999999999985","-120.03999999999998"
"2019-12","Shasta County","49.29032258064516","35.935483870967744","43.903225806451616","0.0","84.90322580645162","3.838709677419355","0.4064516129032258","6.035483870967742","40.76","-122.03999999999998"
"2020-01","Sacramento County","56.61290322580645","44.87096774193548","51.25806451612903","0.0","77.70967741935483","4.161290322580645","0.06451612903225806","8.78709677419355","38.45000000000002","-121.34000000000006"
"2020-01","Santa Barbara County","63.29032258064516","44.45161290322581","55.483870967741936","0.0","57.16129032258065","5.580645161290323","0.012903225806451613","9.641935483870965","34.539999999999985","-120.03999999999998"
"2020-01","Shasta County","49.29032258064516","36.354838709677416","44.0","0.0806451612903225","84.35483870967742","3.3870967741935485","0.2064516129032258","7.025806451612905","40.76","-122.03999999999998"
"2020-02","Sacramento County","64.0","46.32142857142857","56.0","0.0","63.642857142857146","3.8214285714285716","0.0","10.417857142857144","38.45000000000002","-121.34000000000005"
"2020-02","Santa Barbara County","66.89285714285714","46.71428571428572","58.92857142857143","0.0","47.75","4.785714285714286","0.0035714285714285718","10.55714285714286","34.539999999999985","-120.03999999999998"
"2020-02","Shasta County","61.67857142857143","37.21428571428572","51.42857142857143","0.0","55.785714285714285","4.857142857142857","0.0","10.367857142857147","40.76","-122.03999999999998"
"2020-03","Sacramento County","61.16129032258065","45.516129032258064","54.64516129032258","0.0","72.74193548387096","4.67741935483871","0.16451612903225804","9.680645161290322","38.45000000000002","-121.34000000000006"
"2020-03","Santa Barbara County","59.61290322580645","42.0","53.483870967741936","0.0","72.12903225806451","5.580645161290323","0.15483870967741936","9.012903225806454","34.539999999999985","-120.03999999999998"
"2020-03","Shasta County","56.25806451612903","37.87096774193548","48.903225806451616","0.0612903225806451","74.16129032258064","3.967741935483871","0.1774193548387097","9.26129032258064","40.76","-122.03999999999998"
"2020-04","Sacramento County","70.8","52.03333333333333","63.06666666666667","0.0","68.03333333333333","4.5","0.030000000000000002","10.383333333333333","38.45000000000002","-121.34000000000006"
"2020-04","Santa Barbara County","69.93333333333334","49.1","63.0","0.0","66.36666666666666","5.933333333333334","0.1","10.45","34.539999999999985","-120.03999999999998"
"2020-04","Shasta County","69.1","45.2","60.63333333333333","0.0","63.333333333333336","4.366666666666666","0.1","10.593333333333332","40.76","-122.03999999999998"
"2020-05","Sacramento County","80.7741935483871","58.96774193548387","72.41935483870968","0.0","52.483870967741936","4.580645161290323","0.058064516129032254","12.864516129032255","38.45000000000002","-121.34000000000006"
"2020-05","Santa Barbara County","78.83870967741936","54.32258064516129","71.38709677419355","0.0","50.16129032258065","6.32258064516129","0.0032258064516129032","13.116129032258064","34.539999999999985","-120.03999999999998"
"2020-05","Shasta County","74.16129032258064","49.54838709677419","65.83870967741936","0.0","60.483870967741936","4.161290322580645","0.25483870967741934","12.287096774193548","40.76","-122.03999999999998"
"2020-06","Sacramento County","91.33333333333331","63.86666666666667","80.4","0.0","41.86666666666667","5.5","0.0","14.433333333333334","38.45000000000002","-121.34000000000006"
"2020-06","Santa Barbara County","81.7","54.8","74.06666666666666","0.0","50.63333333333333","5.3","0.0","14.393333333333333","34.539999999999985","-120.03999999999998"
"2020-06","Shasta County","87.33333333333333","56.23333333333333","77.3","0.0","44.1","4.866666666666666","0.02333333333333333","14.126666666666669","40.76","-122.03999999999998"
"2020-07","Sacramento County","98.51612903225806","63.0","84.3225806451613","0.0","43.0","5.064516129032258","0.0","13.664516129032265","38.45000000000002","-121.34000000000006"
"2020-07","Santa Barbara County","87.25806451612904","57.41935483870968","78.96774193548387","0.0","45.58064516129032","4.645161290322581","0.0","13.164516129032268","34.539999999999985","-120.03999999999998"
"2020-07","Shasta County","98.93548387096774","62.70967741935484","87.51612903225806","0.0","29.451612903225808","5.032258064516129","0.0","13.95483870967742","40.76","-122.03999999999998"
"2020-08","Sacramento County","100.51612903225806","67.2258064516129","86.83870967741936","0.0","39.70967741935484","4.774193548387097","0.0","11.522580645161293","38.45000000000002","-121.34000000000006"
"2020-08","Santa Barbara County","90.96774193548389","63.12903225806452","82.38709677419355","0.0","43.774193548387096","4.709677419354839","0.0032258064516129032","11.28387096774194","34.539999999999985","-120.03999999999998"
"2020-08","Shasta County","100.80645161290325","64.35483870967742","88.54838709677419","0.0","28.451612903225808","4.967741935483871","0.0","11.561290322580648","40.76","-122.03999999999998"
"2020-09","Sacramento County","98.03333333333332","67.23333333333333","85.13333333333334","0.0","40.13333333333333","4.433333333333334","0.0","11.593333333333334","38.45000000000002","-121.34000000000006"
"2020-09","Santa Barbara County","92.3","64.63333333333334","82.83333333333333","0.0","35.5","4.533333333333333","0.0","11.6","34.539999999999985","-120.03999999999998"
"2020-09","Shasta County","94.36666666666666","59.63333333333333","81.76666666666667","0.0","27.233333333333334","5.366666666666666","0.0","11.546666666666669","40.76","-122.03999999999998"
"2020-10","Sacramento County","87.83870967741936","61.25806451612903","76.35483870967742","0.0","34.225806451612904","3.6774193548387095","0.0","11.009677419354835","38.45000000000002","-121.34000000000006"
"2020-10","Santa Barbara County","84.25806451612904","59.483870967741936","74.87096774193549","0.0","39.67741935483871","4.516129032258065","0.0","11.17096774193548","34.539999999999985","-120.03999999999998"
"2020-10","Shasta County","84.87096774193549","51.2258064516129","71.51612903225806","0.0","27.774193548387096","5.741935483870968","0.0","10.777419354838708","40.76","-122.03999999999998"
"2020-11","Sacramento County","65.7","48.43333333333333","58.0","0.0","49.1","3.6333333333333333","0.04666666666666666","8.419999999999995","38.45000000000002","-121.34000000000006"
"2020-11","Santa Barbara County","70.73333333333333","49.0","61.9","0.0","38.9","5.1","0.010000000000000002","8.896666666666663","34.539999999999985","-120.03999999999998"
"2020-11","Shasta County","60.46666666666667","37.0","50.73333333333333","0.0","55.46666666666667","4.2","0.11666666666666667","7.819999999999997","40.76","-122.03999999999998"
"2020-12","Sacramento County","59.193548387096776","46.2258064516129","53.32258064516129","0.0","61.774193548387096","3.774193548387097","0.035483870967741936","7.806451612903222","38.45000000000002","-121.34000000000006"
"2020-12","Santa Barbara County","65.90322580645162","46.2258064516129","57.70967741935484","0.0","42.83870967741935","4.870967741935484","0.05806451612903226","8.283870967741931","34.539999999999985","-120.03999999999998"
"2020-12","Shasta County","54.12903225806452","35.74193548387097","45.96774193548387","0.0","62.70967741935484","4.387096774193548","0.14516129032258066","7.28064516129032","40.76","-122.03999999999998"
